row_id,A1_sentiment,A1_score,A1_emotion,A1_asp_safety,A1_asp_pricing,A1_asp_service,A1_asp_cleanliness,A1_asp_atmosphere,A1_p_Aggressive_vendors,A1_p_Navigation_difficulty,A1_p_Getting_lost,A1_p_Bad_smell,A1_p_Overcrowding,A1_p_Poor_condition,A1_p_High_prices,A1_p_Scam,A1_p_Safety,A1_p_Other,A1_price_perception,A1_recommendation,A1_revisit,A2_sentiment,A2_score,A2_emotion,A2_asp_safety,A2_asp_pricing,A2_asp_service,A2_asp_cleanliness,A2_asp_atmosphere,A2_p_Aggressive_vendors,A2_p_Navigation_difficulty,A2_p_Getting_lost,A2_p_Bad_smell,A2_p_Overcrowding,A2_p_Poor_condition,A2_p_High_prices,A2_p_Scam,A2_p_Safety,A2_p_Other,A2_price_perception,A2_recommendation,A2_revisit
8023,Negative,1,Disgust,Negative,Not_mentioned,Not_mentioned,Negative,Negative,0,0,0,0,0,1,0,1,1,0,Not_mentioned,Not_mentioned,Not_mentioned,Negative,1,Anger,Negative,Not_mentioned,Negative,Negative,Negative,0,0,0,0,0,1,0,1,1,1,Not_mentioned,Not_mentioned,Not_mentioned
5833,Negative,1,Fear,Negative,Not_mentioned,Not_mentioned,Not_mentioned,Not_mentioned,0,0,0,0,0,0,0,0,1,0,Not_mentioned,Not_mentioned,No,Negative,1,Fear,Negative,Not_mentioned,Not_mentioned,Not_mentioned,Not_mentioned,0,0,0,0,0,0,0,0,1,0,Not_mentioned,Not_mentioned,Not_mentioned
2542,Positive,4,Joy,Not_mentioned,Negative,Not_mentioned,Positive,Positive,0,0,0,0,1,0,0,1,0,0,Not_mentioned,Yes,Not_mentioned,Positive,4,Joy,Not_mentioned,Neutral,Not_mentioned,Positive,Positive,0,0,0,0,1,0,0,0,0,1,Not_mentioned,Yes,Not_mentioned
13482,Positive,5,Joy,Not_mentioned,Not_mentioned,Not_mentioned,Not_mentioned,Positive,0,0,0,0,0,0,0,0,0,0,Not_mentioned,Yes,Not_mentioned,Positive,5,Joy,Not_mentioned,Not_mentioned,Not_mentioned,Not_mentioned,Positive,0,0,0,0,0,0,0,0,0,0,Not_mentioned,Yes,Not_mentioned
10116,Neutral,3,Neutral,Not_mentioned,Not_mentioned,Not_mentioned,Not_mentioned,Neutral,0,0,0,0,0,0,0,0,0,0,Not_mentioned,Not_mentioned,Not_mentioned,Neutral,3,Neutral,Not_mentioned,Neutral,Not_mentioned,Not_mentioned,Neutral,0,0,0,0,0,0,0,0,0,0,Not_mentioned,Not_mentioned,Not_mentioned
8678,Negative,1,Anger,Negative,Negative,Not_mentioned,Negative,Negative,1,0,0,0,0,1,0,1,1,0,Not_mentioned,Not_mentioned,Not_mentioned,Negative,1,Anger,Negative,Negative,Negative,Negative,Negative,1,0,0,0,0,0,0,1,1,1,Not_mentioned,Not_mentioned,Not_mentioned
1669,Positive,4,Joy,Not_mentioned,Not_mentioned,Not_mentioned,Not_mentioned,Positive,0,0,0,0,0,0,0,0,0,0,Not_mentioned,Yes,Not_mentioned,Positive,5,Joy,Not_mentioned,Not_mentioned,Not_mentioned,Not_mentioned,Positive,0,0,0,0,0,0,0,0,0,0,Not_mentioned,Yes,Not_mentioned
1713,Positive,4,Joy,Not_mentioned,Not_mentioned,Not_mentioned,Not_mentioned,Positive,1,0,0,0,0,0,0,0,0,0,Not_mentioned,Not_mentioned,Not_mentioned,Positive,4,Joy,Not_mentioned,Neutral,Neutral,Not_mentioned,Positive,1,0,0,0,0,0,0,0,0,0,Not_mentioned,Not_mentioned,Not_mentioned
14604,Positive,4,Joy,Not_mentioned,Not_mentioned,Not_mentioned,Not_mentioned,Positive,0,0,0,0,0,0,0,0,0,0,Not_mentioned,Yes,Not_mentioned,Positive,5,Joy,Not_mentioned,Not_mentioned,Positive,Not_mentioned,Positive,0,0,0,0,0,0,0,0,0,0,Not_mentioned,Yes,Not_mentioned
934,Neutral,3,Neutral,Positive,Negative,Not_mentioned,Not_mentioned,Neutral,1,0,1,0,1,0,1,0,0,0,Not_mentioned,Not_mentioned,Not_mentioned,Neutral,3,Neutral,Positive,Neutral,Neutral,Not_mentioned,Neutral,0,0,0,0,1,0,0,0,0,1,Not_mentioned,Not_mentioned,Not_mentioned
2168,Neutral,3,Frustration,Not_mentioned,Not_mentioned,Not_mentioned,Not_mentioned,Neutral,1,0,1,0,0,0,0,0,0,0,Not_mentioned,Not_mentioned,Not_mentioned,Neutral,3,Frustration,Not_mentioned,Not_mentioned,Negative,Not_mentioned,Neutral,1,1,1,0,0,0,0,0,0,0,Not_mentioned,Not_mentioned,Not_mentioned
4085,Positive,4,Joy,Not_mentioned,Not_mentioned,Not_mentioned,Not_mentioned,Positive,0,0,0,0,0,0,0,0,0,0,Not_mentioned,Yes,Not_mentioned,Positive,4,Joy,Negative,Not_mentioned,Not_mentioned,Not_mentioned,Positive,0,0,0,0,0,0,0,0,1,1,Not_mentioned,Yes,Not_mentioned
10863,Negative,2,Frustration,Not_mentioned,Negative,Not_mentioned,Not_mentioned,Neutral,0,0,0,0,0,1,1,0,0,0,Expensive,No,Not_mentioned,Negative,2,Frustration,Not_mentioned,Negative,Not_mentioned,Not_mentioned,Neutral,0,0,0,0,0,1,1,0,0,1,Expensive,No,Not_mentioned
6376,Positive,4,Joy,Not_mentioned,Not_mentioned,Not_mentioned,Not_mentioned,Positive,1,0,0,0,0,0,0,1,0,1,Not_mentioned,Not_mentioned,Not_mentioned,Positive,4,Joy,Not_mentioned,Negative,Neutral,Not_mentioned,Positive,1,0,0,0,0,0,1,1,0,1,Expensive,Not_mentioned,Not_mentioned
6983,Negative,1,Disgust,Not_mentioned,Negative,Not_mentioned,Negative,Negative,1,0,0,1,0,1,1,0,0,0,Expensive,No,No,Negative,1,Disgust,Negative,Negative,Negative,Negative,Negative,1,0,0,1,0,0,1,0,1,1,Expensive,No,No
11083,Neutral,3,Frustration,Not_mentioned,Not_mentioned,Negative,Not_mentioned,Positive,0,0,0,0,0,0,0,0,0,1,Not_mentioned,Not_mentioned,Not_mentioned,Neutral,3,Frustration,Not_mentioned,Not_mentioned,Not_mentioned,Not_mentioned,Neutral,0,0,0,0,0,0,0,0,0,1,Not_mentioned,Not_mentioned,Not_mentioned
6219,Negative,2,Frustration,Not_mentioned,Not_mentioned,Negative,Not_mentioned,Neutral,1,0,0,0,0,0,0,0,0,0,Not_mentioned,No,Not_mentioned,Negative,1,Frustration,Not_mentioned,Not_mentioned,Negative,Not_mentioned,Negative,1,0,0,0,0,0,0,0,0,0,Not_mentioned,No,Not_mentioned
1758,Negative,1,Anger,Negative,Not_mentioned,Not_mentioned,Not_mentioned,Negative,0,1,1,0,0,0,0,1,1,0,Not_mentioned,No,Not_mentioned,Negative,1,Anger,Negative,Not_mentioned,Negative,Not_mentioned,Negative,0,1,1,0,0,0,0,1,1,1,Not_mentioned,No,Not_mentioned
10276,Neutral,3,Neutral,Not_mentioned,Not_mentioned,Negative,Not_mentioned,Neutral,0,0,0,0,0,0,0,0,0,1,Not_mentioned,Not_mentioned,Not_mentioned,Negative,2,Frustration,Not_mentioned,Neutral,Not_mentioned,Not_mentioned,Neutral,0,0,0,0,0,0,0,0,0,1,Not_mentioned,Not_mentioned,Not_mentioned
1632,Negative,2,Neutral,Negative,Negative,Not_mentioned,Not_mentioned,Negative,0,0,0,0,1,0,1,0,1,0,Expensive,Not_mentioned,Not_mentioned,Negative,2,Fear,Negative,Neutral,Not_mentioned,Not_mentioned,Negative,0,0,0,0,1,0,0,0,1,1,Not_mentioned,Not_mentioned,Not_mentioned
12488,Positive,5,Joy,Not_mentioned,Positive,Not_mentioned,Not_mentioned,Positive,0,0,0,0,0,0,0,0,0,0,Cheap,Yes,Not_mentioned,Positive,5,Joy,Not_mentioned,Positive,Not_mentioned,Not_mentioned,Positive,0,0,0,0,0,0,0,0,0,0,Fair,Yes,Not_mentioned
2949,Neutral,3,Frustration,Negative,Not_mentioned,Not_mentioned,Not_mentioned,Neutral,0,0,0,1,0,0,0,0,1,0,Not_mentioned,Not_mentioned,Not_mentioned,Neutral,3,Frustration,Negative,Not_mentioned,Not_mentioned,Not_mentioned,Neutral,0,0,0,0,0,0,0,0,1,1,Not_mentioned,Not_mentioned,Not_mentioned
2574,Negative,1,Disgust,Not_mentioned,Not_mentioned,Not_mentioned,Negative,Negative,0,0,0,1,0,1,0,0,0,1,Not_mentioned,Not_mentioned,Not_mentioned,Negative,1,Disgust,Not_mentioned,Not_mentioned,Not_mentioned,Negative,Negative,0,0,0,1,0,0,0,0,0,1,Not_mentioned,Not_mentioned,Not_mentioned
3025,Negative,2,Sadness,Not_mentioned,Not_mentioned,Not_mentioned,Not_mentioned,Not_mentioned,0,0,0,0,0,0,0,0,0,1,Not_mentioned,Not_mentioned,Not_mentioned,Negative,1,Sadness,Not_mentioned,Not_mentioned,Not_mentioned,Not_mentioned,Negative,0,0,0,0,0,0,0,0,0,1,Not_mentioned,Not_mentioned,Not_mentioned
3505,Negative,2,Frustration,Not_mentioned,Not_mentioned,Negative,Negative,Neutral,1,0,0,1,1,0,0,0,0,1,Not_mentioned,Not_mentioned,Not_mentioned,Negative,2,Frustration,Not_mentioned,Not_mentioned,Negative,Not_mentioned,Negative,1,0,0,1,1,0,0,1,0,1,Not_mentioned,Not_mentioned,Not_mentioned
9526,Positive,5,Joy,Not_mentioned,Not_mentioned,Not_mentioned,Not_mentioned,Positive,0,0,0,0,0,0,0,0,0,0,Not_mentioned,Yes,Not_mentioned,Positive,5,Joy,Not_mentioned,Not_mentioned,Not_mentioned,Not_mentioned,Positive,0,0,0,0,0,0,0,0,0,1,Not_mentioned,Yes,Not_mentioned
4020,Negative,2,Frustration,Not_mentioned,Negative,Negative,Not_mentioned,Neutral,1,0,0,0,0,0,1,1,0,0,Expensive,Not_mentioned,Not_mentioned,Negative,1,Disgust,Not_mentioned,Negative,Negative,Not_mentioned,Negative,1,0,0,0,0,0,1,1,0,1,Expensive,Yes,Not_mentioned
216,Negative,1,Disgust,Negative,Not_mentioned,Not_mentioned,Negative,Negative,0,0,0,1,1,1,0,0,1,1,Not_mentioned,No,Not_mentioned,Negative,1,Disgust,Negative,Not_mentioned,Not_mentioned,Negative,Negative,0,0,0,1,1,0,0,0,1,1,Not_mentioned,No,Not_mentioned
13493,Neutral,3,Neutral,Not_mentioned,Not_mentioned,Not_mentioned,Not_mentioned,Neutral,0,0,0,0,0,0,0,0,0,0,Not_mentioned,Not_mentioned,Not_mentioned,Neutral,3,Neutral,Not_mentioned,Not_mentioned,Not_mentioned,Not_mentioned,Neutral,0,0,0,0,0,0,0,0,0,0,Not_mentioned,Not_mentioned,Not_mentioned
9124,Negative,2,Frustration,Not_mentioned,Negative,Negative,Not_mentioned,Negative,0,0,0,0,1,1,1,0,0,0,Expensive,No,Not_mentioned,Negative,1,Frustration,Not_mentioned,Negative,Not_mentioned,Not_mentioned,Negative,0,0,0,0,1,1,1,0,0,1,Expensive,Not_mentioned,Not_mentioned
3816,Positive,4,Joy,Not_mentioned,Not_mentioned,Not_mentioned,Not_mentioned,Positive,0,0,0,0,0,0,0,0,0,0,Not_mentioned,Not_mentioned,Not_mentioned,Positive,5,Joy,Not_mentioned,Not_mentioned,Positive,Not_mentioned,Positive,0,0,0,0,0,0,0,0,0,0,Not_mentioned,Not_mentioned,Not_mentioned
2060,Neutral,3,Frustration,Negative,Not_mentioned,Not_mentioned,Not_mentioned,Neutral,0,0,0,1,0,0,0,0,1,0,Not_mentioned,Not_mentioned,Not_mentioned,Neutral,3,Frustration,Negative,Not_mentioned,Not_mentioned,Not_mentioned,Neutral,0,0,0,0,0,0,0,0,1,1,Not_mentioned,Not_mentioned,Not_mentioned
6071,Positive,4,Joy,Not_mentioned,Negative,Not_mentioned,Not_mentioned,Positive,0,1,0,0,0,0,1,0,0,0,Expensive,Not_mentioned,Yes,Positive,5,Joy,Not_mentioned,Negative,Positive,Not_mentioned,Positive,0,1,0,0,0,0,1,0,0,0,Expensive,Not_mentioned,Not_mentioned
5479,Positive,4,Joy,Not_mentioned,Not_mentioned,Not_mentioned,Not_mentioned,Positive,1,0,0,0,0,0,0,0,0,0,Not_mentioned,Not_mentioned,Not_mentioned,Positive,4,Joy,Not_mentioned,Not_mentioned,Neutral,Not_mentioned,Positive,0,0,0,0,0,0,0,0,0,0,Not_mentioned,Yes,Not_mentioned
9159,Negative,2,Frustration,Not_mentioned,Negative,Not_mentioned,Not_mentioned,Neutral,0,0,0,0,0,1,1,0,0,0,Expensive,No,Not_mentioned,Negative,1,Frustration,Not_mentioned,Negative,Not_mentioned,Not_mentioned,Neutral,0,0,0,0,0,0,1,0,0,1,Expensive,No,Not_mentioned
10622,Neutral,3,Frustration,Not_mentioned,Neutral,Not_mentioned,Not_mentioned,Neutral,0,0,0,0,0,1,0,0,0,0,Not_mentioned,Not_mentioned,Not_mentioned,Negative,2,Frustration,Not_mentioned,Neutral,Not_mentioned,Not_mentioned,Neutral,0,0,0,0,0,1,0,0,0,1,Not_mentioned,Not_mentioned,Not_mentioned
12468,Positive,5,Joy,Not_mentioned,Not_mentioned,Not_mentioned,Not_mentioned,Positive,0,0,0,0,0,0,0,0,0,0,Not_mentioned,Yes,Not_mentioned,Positive,5,Joy,Not_mentioned,Not_mentioned,Not_mentioned,Not_mentioned,Positive,0,0,0,0,0,0,0,0,0,0,Not_mentioned,Yes,Not_mentioned
14536,Positive,4,Joy,Not_mentioned,Not_mentioned,Negative,Not_mentioned,Positive,0,0,0,0,0,0,0,0,0,1,Not_mentioned,Yes,Not_mentioned,Positive,5,Joy,Not_mentioned,Neutral,Not_mentioned,Not_mentioned,Positive,0,0,0,0,0,0,0,0,0,1,Not_mentioned,Yes,Not_mentioned
10132,Positive,4,Joy,Not_mentioned,Not_mentioned,Not_mentioned,Not_mentioned,Positive,0,0,0,0,0,1,0,0,0,0,Not_mentioned,Not_mentioned,Not_mentioned,Positive,4,Joy,Not_mentioned,Neutral,Not_mentioned,Not_mentioned,Positive,0,0,0,0,0,1,0,0,0,1,Not_mentioned,Not_mentioned,Not_mentioned
13580,Positive,4,Joy,Not_mentioned,Positive,Not_mentioned,Not_mentioned,Positive,0,0,0,0,0,0,0,0,0,0,Cheap,Not_mentioned,Not_mentioned,Positive,4,Joy,Not_mentioned,Positive,Not_mentioned,Not_mentioned,Positive,0,0,0,0,0,0,0,0,0,0,Cheap,Not_mentioned,Not_mentioned
380,Positive,5,Joy,Not_mentioned,Not_mentioned,Not_mentioned,Not_mentioned,Positive,0,0,0,0,0,0,0,0,0,0,Not_mentioned,Yes,Not_mentioned,Positive,5,Joy,Not_mentioned,Not_mentioned,Not_mentioned,Not_mentioned,Positive,0,0,0,0,0,0,0,0,0,0,Not_mentioned,Yes,Not_mentioned
12549,Positive,4,Joy,Not_mentioned,Positive,Not_mentioned,Not_mentioned,Positive,0,0,0,0,0,0,0,0,0,0,Cheap,Yes,Not_mentioned,Positive,5,Joy,Not_mentioned,Positive,Not_mentioned,Not_mentioned,Positive,0,0,0,0,0,0,0,0,0,0,Cheap,Not_mentioned,Not_mentioned
1190,Negative,1,Anger,Not_mentioned,Not_mentioned,Not_mentioned,Not_mentioned,Negative,0,0,0,0,0,0,0,1,0,1,Not_mentioned,No,Not_mentioned,Negative,1,Anger,Not_mentioned,Not_mentioned,Negative,Not_mentioned,Negative,0,0,0,0,0,0,0,1,0,1,Not_mentioned,Not_mentioned,Not_mentioned
11687,Positive,5,Joy,Not_mentioned,Positive,Not_mentioned,Not_mentioned,Positive,0,0,0,0,0,0,0,0,0,0,Cheap,Not_mentioned,Not_mentioned,Positive,5,Surprise,Not_mentioned,Positive,Not_mentioned,Not_mentioned,Positive,0,0,0,0,0,1,0,0,0,0,Cheap,Not_mentioned,Not_mentioned
10965,Positive,4,Joy,Not_mentioned,Not_mentioned,Not_mentioned,Not_mentioned,Positive,0,0,0,0,0,0,0,0,0,0,Not_mentioned,Not_mentioned,Not_mentioned,Positive,4,Joy,Not_mentioned,Not_mentioned,Not_mentioned,Not_mentioned,Positive,0,0,0,0,0,0,0,0,0,0,Not_mentioned,Not_mentioned,Not_mentioned
2918,Positive,5,Joy,Not_mentioned,Not_mentioned,Not_mentioned,Not_mentioned,Positive,0,0,0,0,0,0,0,0,0,0,Not_mentioned,Yes,Not_mentioned,Positive,5,Trust,Not_mentioned,Not_mentioned,Positive,Not_mentioned,Positive,0,0,0,0,0,0,0,0,0,0,Not_mentioned,Yes,Not_mentioned
1840,Negative,1,Frustration,Not_mentioned,Not_mentioned,Not_mentioned,Not_mentioned,Negative,0,0,0,1,0,0,0,0,0,0,Not_mentioned,No,No,Negative,1,Frustration,Not_mentioned,Not_mentioned,Not_mentioned,Not_mentioned,Negative,0,0,0,0,0,0,0,0,0,1,Not_mentioned,No,No
1973,Negative,1,Disgust,Not_mentioned,Not_mentioned,Not_mentioned,Negative,Negative,0,0,0,1,0,0,0,0,0,0,Not_mentioned,No,Not_mentioned,Negative,1,Frustration,Not_mentioned,Not_mentioned,Not_mentioned,Negative,Negative,0,0,0,0,0,0,0,0,0,1,Not_mentioned,No,Not_mentioned
9477,Neutral,3,Neutral,Not_mentioned,Not_mentioned,Negative,Not_mentioned,Neutral,0,0,0,0,1,0,0,0,0,1,Not_mentioned,No,Not_mentioned,Negative,2,Frustration,Not_mentioned,Not_mentioned,Not_mentioned,Not_mentioned,Neutral,0,0,0,0,1,0,0,0,0,1,Not_mentioned,No,Not_mentioned
248,Negative,1,Disgust,Not_mentioned,Negative,Not_mentioned,Negative,Negative,1,0,0,1,1,0,1,0,0,0,Expensive,Not_mentioned,Not_mentioned,Negative,1,Frustration,Negative,Negative,Neutral,Not_mentioned,Negative,0,0,0,0,1,0,1,0,1,1,Expensive,No,Not_mentioned
6116,Neutral,3,Neutral,Negative,Not_mentioned,Not_mentioned,Negative,Neutral,0,0,0,1,1,0,0,0,1,0,Not_mentioned,Not_mentioned,Not_mentioned,Neutral,3,Other,Negative,Not_mentioned,Not_mentioned,Negative,Neutral,0,0,0,1,1,0,0,0,1,1,Not_mentioned,Not_mentioned,Not_mentioned
11155,Positive,4,Neutral,Not_mentioned,Not_mentioned,Not_mentioned,Not_mentioned,Positive,0,0,0,0,0,0,0,0,0,0,Not_mentioned,Not_mentioned,Not_mentioned,Positive,4,Neutral,Not_mentioned,Neutral,Not_mentioned,Not_mentioned,Positive,0,0,0,0,0,0,0,0,0,0,Not_mentioned,Not_mentioned,Not_mentioned
499,Neutral,3,Frustration,Negative,Negative,Not_mentioned,Not_mentioned,Positive,1,0,0,0,0,0,1,1,1,0,Expensive,Yes,Not_mentioned,Neutral,3,Frustration,Negative,Negative,Negative,Not_mentioned,Neutral,1,0,0,0,0,0,1,1,1,0,Expensive,Yes,Not_mentioned
3685,Positive,4,Joy,Not_mentioned,Not_mentioned,Not_mentioned,Not_mentioned,Positive,1,0,0,0,0,0,0,0,0,0,Not_mentioned,Not_mentioned,Not_mentioned,Positive,4,Joy,Not_mentioned,Not_mentioned,Negative,Not_mentioned,Positive,1,0,0,0,0,0,0,0,0,0,Not_mentioned,Not_mentioned,Not_mentioned
13320,Positive,4,Joy,Not_mentioned,Not_mentioned,Not_mentioned,Not_mentioned,Positive,0,0,0,0,0,0,0,0,0,0,Not_mentioned,Not_mentioned,Not_mentioned,Positive,4,Joy,Not_mentioned,Not_mentioned,Not_mentioned,Not_mentioned,Positive,0,0,0,0,0,0,0,0,0,0,Not_mentioned,Not_mentioned,Not_mentioned
1457,Negative,1,Fear,Negative,Not_mentioned,Not_mentioned,Not_mentioned,Negative,1,0,0,0,0,0,0,1,1,0,Not_mentioned,Not_mentioned,No,Negative,1,Fear,Negative,Not_mentioned,Negative,Not_mentioned,Negative,1,0,0,0,0,0,0,1,1,0,Not_mentioned,Not_mentioned,No
12066,Positive,5,Joy,Not_mentioned,Not_mentioned,Not_mentioned,Not_mentioned,Positive,0,0,0,0,0,0,0,0,0,0,Not_mentioned,Not_mentioned,Yes,Positive,5,Joy,Not_mentioned,Not_mentioned,Not_mentioned,Not_mentioned,Positive,0,0,0,0,0,0,0,0,0,0,Not_mentioned,Yes,Not_mentioned
13861,Positive,4,Joy,Not_mentioned,Positive,Positive,Not_mentioned,Positive,0,0,0,0,1,0,0,0,0,0,Cheap,Yes,Not_mentioned,Positive,5,Joy,Not_mentioned,Positive,Neutral,Not_mentioned,Positive,0,0,0,0,1,0,0,0,0,0,Fair,Yes,Not_mentioned
4231,Negative,2,Frustration,Not_mentioned,Negative,Not_mentioned,Not_mentioned,Not_mentioned,1,0,0,0,0,0,1,1,0,0,Expensive,Not_mentioned,Not_mentioned,Negative,2,Frustration,Not_mentioned,Negative,Negative,Not_mentioned,Not_mentioned,1,0,0,0,0,0,1,1,0,0,Expensive,Not_mentioned,Not_mentioned
5268,Neutral,3,Neutral,Neutral,Not_mentioned,Not_mentioned,Not_mentioned,Positive,1,1,1,0,0,0,0,1,1,0,Not_mentioned,Not_mentioned,Not_mentioned,Positive,4,Neutral,Negative,Not_mentioned,Neutral,Not_mentioned,Positive,1,1,1,0,0,0,0,1,1,0,Not_mentioned,Not_mentioned,Not_mentioned
150,Negative,1,Anger,Negative,Not_mentioned,Not_mentioned,Not_mentioned,Negative,1,0,0,0,0,0,0,1,1,1,Not_mentioned,Not_mentioned,No,Negative,1,Fear,Negative,Negative,Negative,Not_mentioned,Negative,1,0,0,0,0,0,0,1,1,1,Not_mentioned,Not_mentioned,Not_mentioned
14307,Positive,4,Joy,Not_mentioned,Not_mentioned,Not_mentioned,Not_mentioned,Positive,0,0,0,0,0,0,0,0,0,0,Not_mentioned,Yes,Not_mentioned,Positive,5,Joy,Not_mentioned,Not_mentioned,Positive,Not_mentioned,Positive,0,0,0,0,0,0,0,0,0,0,Not_mentioned,Yes,Not_mentioned
10418,Positive,5,Joy,Not_mentioned,Not_mentioned,Positive,Not_mentioned,Positive,0,0,0,0,0,0,0,0,0,0,Not_mentioned,Yes,Not_mentioned,Positive,5,Joy,Not_mentioned,Not_mentioned,Positive,Not_mentioned,Positive,0,0,0,0,0,0,0,0,0,0,Not_mentioned,Yes,Not_mentioned
13747,Neutral,3,Neutral,Not_mentioned,Positive,Not_mentioned,Not_mentioned,Neutral,0,0,0,0,0,1,0,0,0,0,Fair,Not_mentioned,Not_mentioned,Positive,4,Neutral,Not_mentioned,Positive,Not_mentioned,Not_mentioned,Positive,0,0,0,0,0,0,0,0,0,0,Fair,Not_mentioned,Not_mentioned
3345,Positive,4,Joy,Not_mentioned,Not_mentioned,Not_mentioned,Not_mentioned,Positive,1,0,0,0,0,0,0,0,0,0,Not_mentioned,Yes,Not_mentioned,Positive,4,Surprise,Not_mentioned,Not_mentioned,Negative,Not_mentioned,Positive,1,0,0,0,0,0,0,0,0,0,Not_mentioned,Yes,Not_mentioned
4039,Positive,5,Joy,Not_mentioned,Not_mentioned,Not_mentioned,Not_mentioned,Positive,0,0,0,0,0,0,0,0,0,0,Not_mentioned,Yes,Not_mentioned,Positive,5,Joy,Not_mentioned,Not_mentioned,Not_mentioned,Not_mentioned,Positive,0,0,0,0,0,0,0,0,0,1,Not_mentioned,Yes,Not_mentioned
1158,Positive,4,Joy,Not_mentioned,Not_mentioned,Not_mentioned,Not_mentioned,Positive,0,0,0,0,0,0,0,0,0,0,Not_mentioned,Not_mentioned,Not_mentioned,Positive,4,Joy,Not_mentioned,Not_mentioned,Not_mentioned,Not_mentioned,Positive,0,0,0,0,0,0,0,0,0,0,Not_mentioned,Not_mentioned,Not_mentioned
5737,Negative,2,Fear,Not_mentioned,Not_mentioned,Not_mentioned,Not_mentioned,Negative,1,0,0,0,0,0,0,0,0,0,Not_mentioned,Yes,Not_mentioned,Negative,2,Fear,Negative,Not_mentioned,Negative,Not_mentioned,Negative,1,0,0,0,0,0,0,0,1,0,Not_mentioned,Yes,Not_mentioned
2158,Positive,4,Joy,Positive,Negative,Not_mentioned,Not_mentioned,Positive,1,0,0,0,0,0,1,0,0,0,Not_mentioned,Yes,Not_mentioned,Positive,4,Joy,Positive,Neutral,Neutral,Not_mentioned,Positive,1,0,0,0,0,0,0,0,0,0,Fair,Yes,Not_mentioned
11549,Neutral,3,Neutral,Not_mentioned,Positive,Not_mentioned,Not_mentioned,Neutral,0,0,0,0,0,0,0,0,0,1,Cheap,No,Not_mentioned,Negative,2,Sadness,Not_mentioned,Positive,Not_mentioned,Not_mentioned,Neutral,0,0,0,0,0,0,0,0,0,1,Cheap,No,Not_mentioned
2712,Positive,4,Joy,Not_mentioned,Positive,Not_mentioned,Not_mentioned,Positive,0,0,0,0,0,0,0,1,0,0,Cheap,Yes,Not_mentioned,Positive,4,Joy,Not_mentioned,Positive,Not_mentioned,Not_mentioned,Positive,0,0,0,0,0,0,0,1,0,0,Cheap,Yes,Not_mentioned
14203,Neutral,3,Sadness,Not_mentioned,Not_mentioned,Negative,Not_mentioned,Positive,0,0,0,0,0,0,0,0,0,1,Not_mentioned,Not_mentioned,Not_mentioned,Negative,2,Frustration,Not_mentioned,Not_mentioned,Not_mentioned,Not_mentioned,Neutral,0,0,0,0,0,0,0,0,0,1,Not_mentioned,Not_mentioned,Not_mentioned
6661,Negative,2,Disgust,Negative,Not_mentioned,Not_mentioned,Negative,Negative,0,1,1,1,1,0,0,0,1,1,Not_mentioned,Not_mentioned,Yes,Negative,2,Disgust,Negative,Not_mentioned,Not_mentioned,Negative,Negative,0,1,1,1,1,0,0,0,1,1,Not_mentioned,Not_mentioned,Yes
10869,Neutral,3,Neutral,Not_mentioned,Not_mentioned,Not_mentioned,Not_mentioned,Positive,0,0,0,0,0,0,0,0,0,1,Not_mentioned,Not_mentioned,Not_mentioned,Neutral,3,Frustration,Not_mentioned,Not_mentioned,Not_mentioned,Not_mentioned,Neutral,0,0,0,0,0,0,0,0,0,1,Not_mentioned,Not_mentioned,Not_mentioned
13539,Neutral,3,Neutral,Not_mentioned,Not_mentioned,Not_mentioned,Not_mentioned,Neutral,0,0,0,0,0,0,0,0,0,0,Not_mentioned,Not_mentioned,Not_mentioned,Neutral,3,Neutral,Not_mentioned,Not_mentioned,Neutral,Not_mentioned,Neutral,0,0,0,0,0,0,0,0,0,0,Not_mentioned,Not_mentioned,Not_mentioned
11720,Neutral,3,Neutral,Not_mentioned,Positive,Not_mentioned,Not_mentioned,Neutral,0,0,0,0,0,0,0,0,0,0,Cheap,Yes,Not_mentioned,Neutral,3,Frustration,Not_mentioned,Positive,Not_mentioned,Not_mentioned,Neutral,0,0,0,0,0,0,0,0,0,0,Cheap,Yes,Not_mentioned
12664,Positive,4,Joy,Not_mentioned,Not_mentioned,Not_mentioned,Not_mentioned,Positive,0,0,0,0,0,0,0,0,0,0,Not_mentioned,Yes,Not_mentioned,Positive,4,Joy,Not_mentioned,Not_mentioned,Not_mentioned,Not_mentioned,Positive,0,0,0,0,0,0,0,0,0,0,Not_mentioned,Yes,Not_mentioned
13160,Neutral,3,Neutral,Not_mentioned,Not_mentioned,Not_mentioned,Not_mentioned,Positive,0,0,0,0,0,0,0,0,0,0,Not_mentioned,Not_mentioned,Not_mentioned,Neutral,3,Neutral,Not_mentioned,Not_mentioned,Not_mentioned,Not_mentioned,Neutral,0,0,0,0,0,0,0,0,0,0,Not_mentioned,Not_mentioned,Not_mentioned
13581,Positive,4,Joy,Not_mentioned,Not_mentioned,Not_mentioned,Not_mentioned,Positive,0,0,0,0,0,0,0,0,0,0,Not_mentioned,Yes,Not_mentioned,Positive,5,Trust,Not_mentioned,Not_mentioned,Positive,Not_mentioned,Positive,0,0,0,0,0,0,0,0,0,0,Not_mentioned,Yes,Not_mentioned
9500,Negative,1,Anger,Not_mentioned,Not_mentioned,Negative,Not_mentioned,Not_mentioned,0,0,0,0,0,0,0,0,0,1,Not_mentioned,Not_mentioned,Not_mentioned,Negative,1,Frustration,Not_mentioned,Not_mentioned,Negative,Not_mentioned,Not_mentioned,0,0,0,0,0,0,0,1,0,1,Not_mentioned,Not_mentioned,Not_mentioned
13203,Negative,2,Frustration,Not_mentioned,Not_mentioned,Negative,Not_mentioned,Neutral,0,0,0,0,0,0,0,0,0,1,Not_mentioned,Not_mentioned,Not_mentioned,Negative,2,Frustration,Not_mentioned,Not_mentioned,Not_mentioned,Not_mentioned,Neutral,0,0,0,0,0,0,0,0,0,1,Not_mentioned,Not_mentioned,Not_mentioned
9334,Neutral,3,Neutral,Not_mentioned,Negative,Not_mentioned,Negative,Positive,0,0,0,0,1,1,1,0,0,1,Expensive,Not_mentioned,Not_mentioned,Neutral,3,Frustration,Not_mentioned,Negative,Not_mentioned,Not_mentioned,Neutral,0,0,0,0,1,1,1,0,0,1,Expensive,Not_mentioned,Not_mentioned
9443,Neutral,3,Neutral,Not_mentioned,Not_mentioned,Not_mentioned,Not_mentioned,Positive,0,0,0,0,1,0,0,0,0,0,Not_mentioned,Not_mentioned,Not_mentioned,Neutral,3,Frustration,Not_mentioned,Neutral,Not_mentioned,Not_mentioned,Neutral,0,0,0,0,1,0,0,0,0,0,Not_mentioned,Not_mentioned,Not_mentioned
4542,Negative,2,Frustration,Negative,Not_mentioned,Not_mentioned,Negative,Negative,1,0,0,1,1,0,0,0,1,1,Not_mentioned,Not_mentioned,Not_mentioned,Negative,2,Frustration,Negative,Not_mentioned,Negative,Not_mentioned,Negative,1,0,0,1,1,0,0,0,1,1,Not_mentioned,Not_mentioned,Not_mentioned
10385,Positive,5,Joy,Not_mentioned,Not_mentioned,Not_mentioned,Not_mentioned,Positive,0,0,0,0,0,0,0,0,0,0,Not_mentioned,Yes,Not_mentioned,Positive,5,Joy,Not_mentioned,Not_mentioned,Not_mentioned,Not_mentioned,Positive,0,0,0,0,0,0,0,0,0,0,Not_mentioned,Not_mentioned,Not_mentioned
11521,Neutral,3,Frustration,Not_mentioned,Positive,Not_mentioned,Not_mentioned,Neutral,0,0,0,0,1,1,0,0,0,1,Cheap,Not_mentioned,Not_mentioned,Neutral,3,Frustration,Not_mentioned,Positive,Not_mentioned,Not_mentioned,Neutral,0,0,0,0,1,1,0,0,0,1,Fair,Not_mentioned,Not_mentioned
8319,Neutral,3,Fear,Negative,Not_mentioned,Not_mentioned,Not_mentioned,Positive,1,0,0,0,0,0,0,1,1,0,Not_mentioned,Not_mentioned,Not_mentioned,Neutral,3,Fear,Negative,Not_mentioned,Neutral,Not_mentioned,Neutral,1,0,0,0,0,0,0,0,1,0,Not_mentioned,Not_mentioned,Not_mentioned
6528,Neutral,3,Neutral,Not_mentioned,Not_mentioned,Not_mentioned,Not_mentioned,Not_mentioned,0,0,0,0,0,0,0,1,0,0,Not_mentioned,Yes,Not_mentioned,Neutral,3,Neutral,Not_mentioned,Neutral,Negative,Not_mentioned,Neutral,0,0,0,0,0,0,0,0,0,1,Not_mentioned,Yes,Not_mentioned
2299,Positive,4,Joy,Not_mentioned,Not_mentioned,Not_mentioned,Not_mentioned,Positive,0,0,0,0,0,0,0,0,0,0,Not_mentioned,Yes,Not_mentioned,Positive,5,Joy,Not_mentioned,Not_mentioned,Not_mentioned,Not_mentioned,Positive,0,0,0,0,0,0,0,0,0,0,Not_mentioned,Yes,Not_mentioned
7820,Positive,5,Joy,Positive,Not_mentioned,Not_mentioned,Not_mentioned,Positive,0,0,0,0,0,0,0,0,0,0,Not_mentioned,Not_mentioned,Not_mentioned,Positive,5,Joy,Positive,Not_mentioned,Positive,Not_mentioned,Positive,1,0,0,0,0,0,0,0,0,0,Not_mentioned,Not_mentioned,Not_mentioned
14127,Positive,4,Joy,Not_mentioned,Not_mentioned,Not_mentioned,Not_mentioned,Positive,0,0,0,0,0,0,0,0,0,0,Not_mentioned,Yes,Not_mentioned,Positive,4,Joy,Not_mentioned,Not_mentioned,Not_mentioned,Not_mentioned,Positive,0,0,0,0,0,0,0,0,0,1,Not_mentioned,Yes,Not_mentioned
13803,Negative,2,Frustration,Not_mentioned,Positive,Negative,Not_mentioned,Negative,0,0,0,0,0,0,0,0,0,1,Cheap,Not_mentioned,Not_mentioned,Negative,2,Frustration,Not_mentioned,Positive,Not_mentioned,Not_mentioned,Negative,0,0,0,0,0,0,0,0,0,1,Cheap,Not_mentioned,Not_mentioned
1380,Positive,4,Joy,Not_mentioned,Not_mentioned,Not_mentioned,Not_mentioned,Positive,0,0,0,0,0,0,0,0,0,0,Not_mentioned,Not_mentioned,Not_mentioned,Positive,5,Joy,Not_mentioned,Not_mentioned,Not_mentioned,Not_mentioned,Positive,0,0,0,0,0,0,0,0,0,0,Not_mentioned,Not_mentioned,Not_mentioned
2597,Neutral,3,Neutral,Not_mentioned,Not_mentioned,Not_mentioned,Not_mentioned,Neutral,1,0,0,0,0,0,0,1,0,0,Not_mentioned,Yes,Not_mentioned,Neutral,3,Surprise,Not_mentioned,Not_mentioned,Negative,Not_mentioned,Neutral,1,0,0,0,0,0,0,1,0,0,Not_mentioned,Yes,Not_mentioned
7469,Positive,5,Joy,Not_mentioned,Not_mentioned,Not_mentioned,Not_mentioned,Positive,0,0,0,0,0,0,0,0,0,0,Not_mentioned,Yes,Not_mentioned,Positive,5,Surprise,Not_mentioned,Not_mentioned,Not_mentioned,Not_mentioned,Positive,0,0,0,0,0,0,0,0,0,0,Not_mentioned,Yes,Not_mentioned
8031,Positive,4,Joy,Not_mentioned,Not_mentioned,Not_mentioned,Not_mentioned,Not_mentioned,0,0,0,0,0,0,0,0,0,0,Not_mentioned,Not_mentioned,Not_mentioned,Positive,4,Joy,Not_mentioned,Not_mentioned,Not_mentioned,Not_mentioned,Positive,0,0,0,0,0,0,0,0,0,0,Not_mentioned,Not_mentioned,Not_mentioned
8214,Negative,2,Frustration,Not_mentioned,Not_mentioned,Not_mentioned,Not_mentioned,Neutral,1,0,0,0,0,0,0,1,0,0,Not_mentioned,Not_mentioned,Not_mentioned,Negative,2,Frustration,Not_mentioned,Not_mentioned,Negative,Not_mentioned,Negative,1,0,0,0,0,0,0,1,0,0,Not_mentioned,Yes,Not_mentioned
12079,Positive,4,Neutral,Not_mentioned,Not_mentioned,Not_mentioned,Not_mentioned,Not_mentioned,0,0,0,0,0,0,0,0,0,0,Not_mentioned,Not_mentioned,Not_mentioned,Positive,4,Neutral,Not_mentioned,Not_mentioned,Not_mentioned,Not_mentioned,Positive,0,0,0,0,0,0,0,0,0,0,Not_mentioned,Yes,Not_mentioned
2351,Negative,1,Anger,Negative,Not_mentioned,Not_mentioned,Not_mentioned,Negative,1,0,0,0,0,0,0,0,1,0,Not_mentioned,No,No,Negative,1,Anger,Negative,Not_mentioned,Negative,Not_mentioned,Negative,1,0,0,0,0,0,0,0,1,0,Not_mentioned,No,No
13465,Positive,4,Joy,Not_mentioned,Positive,Not_mentioned,Not_mentioned,Positive,0,0,0,0,0,0,0,0,0,0,Cheap,Yes,Not_mentioned,Positive,4,Joy,Not_mentioned,Positive,Not_mentioned,Not_mentioned,Positive,0,0,0,0,0,0,0,0,0,0,Cheap,Yes,Not_mentioned
1349,Negative,2,Frustration,Negative,Not_mentioned,Not_mentioned,Not_mentioned,Neutral,0,1,1,0,0,0,0,0,1,0,Not_mentioned,Not_mentioned,Not_mentioned,Negative,2,Frustration,Negative,Not_mentioned,Not_mentioned,Not_mentioned,Neutral,0,1,1,0,0,0,0,0,1,0,Not_mentioned,Not_mentioned,Not_mentioned
7390,Neutral,3,Neutral,Negative,Not_mentioned,Not_mentioned,Not_mentioned,Not_mentioned,0,0,0,0,0,0,0,1,1,0,Not_mentioned,Not_mentioned,Not_mentioned,Neutral,3,Frustration,Negative,Negative,Negative,Not_mentioned,Positive,0,0,0,0,0,0,0,1,1,0,Not_mentioned,Not_mentioned,Not_mentioned
12200,Positive,4,Joy,Not_mentioned,Not_mentioned,Not_mentioned,Not_mentioned,Positive,0,0,0,0,0,0,0,0,0,0,Not_mentioned,Yes,Not_mentioned,Positive,5,Joy,Not_mentioned,Not_mentioned,Not_mentioned,Not_mentioned,Positive,0,0,0,0,0,0,0,0,0,0,Not_mentioned,Yes,Not_mentioned
9206,Positive,4,Joy,Not_mentioned,Not_mentioned,Not_mentioned,Not_mentioned,Positive,0,0,0,0,1,0,0,0,0,0,Not_mentioned,Yes,Not_mentioned,Positive,4,Joy,Not_mentioned,Not_mentioned,Not_mentioned,Not_mentioned,Neutral,0,0,0,0,1,0,0,0,0,0,Not_mentioned,Yes,Not_mentioned
13474,Neutral,3,Neutral,Not_mentioned,Positive,Not_mentioned,Not_mentioned,Positive,0,0,0,0,0,0,0,0,0,0,Cheap,Not_mentioned,Not_mentioned,Neutral,3,Neutral,Not_mentioned,Positive,Not_mentioned,Not_mentioned,Neutral,0,0,0,0,0,0,0,0,0,0,Cheap,Yes,Not_mentioned
9620,Negative,2,Neutral,Not_mentioned,Negative,Not_mentioned,Not_mentioned,Not_mentioned,0,0,0,0,0,0,0,0,0,0,Not_mentioned,No,Not_mentioned,Negative,2,Neutral,Not_mentioned,Negative,Not_mentioned,Not_mentioned,Negative,0,0,0,0,0,0,0,0,0,0,Not_mentioned,No,Not_mentioned
7041,Negative,2,Disgust,Negative,Not_mentioned,Not_mentioned,Negative,Negative,1,0,1,0,0,1,0,0,1,0,Not_mentioned,Not_mentioned,Not_mentioned,Negative,1,Disgust,Negative,Not_mentioned,Negative,Negative,Negative,1,1,0,0,0,0,0,0,1,1,Not_mentioned,Not_mentioned,Not_mentioned
17,Neutral,3,Neutral,Not_mentioned,Not_mentioned,Not_mentioned,Not_mentioned,Not_mentioned,0,0,1,0,0,0,0,1,1,0,Not_mentioned,Yes,Not_mentioned,Positive,4,Neutral,Negative,Not_mentioned,Negative,Not_mentioned,Neutral,0,1,1,0,0,0,0,1,1,1,Not_mentioned,Yes,Not_mentioned
5331,Neutral,3,Neutral,Not_mentioned,Not_mentioned,Not_mentioned,Not_mentioned,Neutral,1,0,0,0,0,0,0,0,0,0,Not_mentioned,Not_mentioned,Not_mentioned,Neutral,3,Other,Not_mentioned,Not_mentioned,Negative,Not_mentioned,Neutral,1,0,0,0,0,0,0,0,0,1,Not_mentioned,Not_mentioned,Not_mentioned
7678,Positive,4,Joy,Not_mentioned,Not_mentioned,Not_mentioned,Not_mentioned,Positive,0,0,0,0,0,0,0,0,0,0,Not_mentioned,Not_mentioned,Not_mentioned,Positive,5,Joy,Not_mentioned,Not_mentioned,Not_mentioned,Not_mentioned,Positive,0,0,0,0,0,0,0,0,0,0,Not_mentioned,Not_mentioned,Not_mentioned
14402,Positive,4,Joy,Not_mentioned,Positive,Negative,Positive,Positive,0,0,0,0,0,0,0,0,0,1,Fair,Not_mentioned,Not_mentioned,Positive,4,Joy,Not_mentioned,Positive,Not_mentioned,Not_mentioned,Positive,0,0,0,0,0,0,0,0,0,1,Fair,Not_mentioned,Not_mentioned
7632,Negative,1,Disgust,Not_mentioned,Not_mentioned,Not_mentioned,Negative,Negative,0,0,0,0,0,1,0,0,0,0,Not_mentioned,Not_mentioned,Not_mentioned,Negative,1,Disgust,Not_mentioned,Not_mentioned,Not_mentioned,Negative,Negative,0,0,0,0,0,0,0,0,0,1,Not_mentioned,Not_mentioned,Not_mentioned
6294,Positive,4,Joy,Not_mentioned,Not_mentioned,Not_mentioned,Not_mentioned,Positive,0,0,0,0,0,0,0,0,0,0,Not_mentioned,Not_mentioned,Not_mentioned,Positive,4,Joy,Not_mentioned,Not_mentioned,Not_mentioned,Not_mentioned,Positive,0,0,0,0,0,0,0,0,0,0,Not_mentioned,Not_mentioned,Not_mentioned
4178,Negative,2,Frustration,Not_mentioned,Not_mentioned,Not_mentioned,Not_mentioned,Positive,1,0,0,0,0,0,0,1,0,0,Not_mentioned,Yes,Not_mentioned,Neutral,3,Frustration,Not_mentioned,Not_mentioned,Negative,Not_mentioned,Neutral,1,0,0,0,0,0,0,1,0,0,Not_mentioned,Yes,Not_mentioned
10876,Negative,1,Frustration,Not_mentioned,Not_mentioned,Not_mentioned,Negative,Negative,0,0,0,0,0,1,0,0,0,1,Not_mentioned,Not_mentioned,Not_mentioned,Negative,1,Frustration,Not_mentioned,Not_mentioned,Not_mentioned,Negative,Negative,0,0,0,0,0,0,0,0,0,1,Not_mentioned,No,Not_mentioned
11197,Negative,2,Neutral,Not_mentioned,Negative,Not_mentioned,Not_mentioned,Not_mentioned,0,0,0,0,0,0,1,0,0,0,Expensive,No,Not_mentioned,Negative,2,Frustration,Not_mentioned,Negative,Not_mentioned,Not_mentioned,Negative,0,0,0,0,0,0,1,0,0,0,Expensive,Not_mentioned,Not_mentioned
7628,Neutral,3,Frustration,Not_mentioned,Not_mentioned,Not_mentioned,Not_mentioned,Positive,1,0,0,0,0,0,0,0,0,0,Not_mentioned,Yes,Not_mentioned,Neutral,3,Frustration,Not_mentioned,Not_mentioned,Negative,Not_mentioned,Neutral,1,0,0,0,0,0,0,0,0,0,Not_mentioned,Yes,Not_mentioned
13547,Negative,2,Sadness,Not_mentioned,Not_mentioned,Negative,Not_mentioned,Negative,0,0,0,0,0,0,0,0,0,1,Not_mentioned,Not_mentioned,Not_mentioned,Negative,2,Frustration,Not_mentioned,Not_mentioned,Not_mentioned,Not_mentioned,Negative,0,0,0,0,0,0,0,0,0,1,Not_mentioned,Not_mentioned,Not_mentioned
2896,Neutral,3,Neutral,Not_mentioned,Not_mentioned,Not_mentioned,Negative,Neutral,1,0,0,1,0,1,0,0,0,0,Not_mentioned,Not_mentioned,Not_mentioned,Neutral,3,Other,Not_mentioned,Not_mentioned,Neutral,Negative,Neutral,0,0,0,0,0,0,0,0,0,1,Not_mentioned,Not_mentioned,Not_mentioned
4574,Negative,1,Anger,Negative,Negative,Not_mentioned,Negative,Negative,1,0,0,0,0,1,1,1,1,0,Expensive,Not_mentioned,No,Negative,1,Anger,Negative,Negative,Negative,Negative,Negative,1,0,0,0,0,0,1,1,1,1,Expensive,Not_mentioned,No
13954,Positive,4,Joy,Not_mentioned,Not_mentioned,Not_mentioned,Not_mentioned,Positive,0,0,0,0,0,0,0,0,0,1,Not_mentioned,Yes,Not_mentioned,Positive,5,Surprise,Not_mentioned,Not_mentioned,Not_mentioned,Not_mentioned,Positive,0,0,0,0,0,0,0,0,0,1,Not_mentioned,Yes,Not_mentioned
13016,Positive,4,Joy,Not_mentioned,Positive,Not_mentioned,Not_mentioned,Positive,0,0,0,0,0,0,0,0,0,0,Cheap,Not_mentioned,Not_mentioned,Positive,4,Joy,Not_mentioned,Positive,Not_mentioned,Not_mentioned,Positive,0,0,0,0,0,0,0,0,0,0,Fair,Not_mentioned,Not_mentioned
3642,Neutral,3,Frustration,Not_mentioned,Not_mentioned,Not_mentioned,Not_mentioned,Neutral,1,0,0,0,0,0,0,0,0,0,Not_mentioned,Not_mentioned,Not_mentioned,Neutral,3,Frustration,Negative,Not_mentioned,Negative,Not_mentioned,Neutral,1,0,0,0,0,0,0,0,1,0,Not_mentioned,Not_mentioned,Not_mentioned
242,Neutral,3,Neutral,Not_mentioned,Not_mentioned,Not_mentioned,Not_mentioned,Neutral,0,0,0,0,0,0,0,1,0,0,Not_mentioned,Yes,No,Neutral,3,Frustration,Not_mentioned,Negative,Negative,Not_mentioned,Neutral,0,1,0,0,0,0,0,1,0,1,Not_mentioned,Yes,No
10279,Neutral,3,Neutral,Not_mentioned,Negative,Not_mentioned,Not_mentioned,Neutral,0,0,0,0,0,0,1,0,0,0,Expensive,Yes,Not_mentioned,Positive,4,Neutral,Not_mentioned,Negative,Not_mentioned,Not_mentioned,Positive,0,0,0,0,0,0,1,0,0,0,Expensive,Yes,Not_mentioned
7727,Negative,2,Sadness,Negative,Not_mentioned,Not_mentioned,Not_mentioned,Neutral,1,0,0,0,0,0,0,0,1,0,Not_mentioned,Not_mentioned,Not_mentioned,Negative,2,Sadness,Negative,Not_mentioned,Negative,Not_mentioned,Negative,1,0,0,0,0,0,0,0,1,0,Not_mentioned,No,Not_mentioned
9631,Positive,4,Joy,Not_mentioned,Not_mentioned,Not_mentioned,Not_mentioned,Positive,0,0,0,0,0,0,0,0,0,0,Not_mentioned,Not_mentioned,Not_mentioned,Positive,5,Joy,Not_mentioned,Not_mentioned,Not_mentioned,Not_mentioned,Positive,0,0,0,0,0,0,0,0,0,0,Not_mentioned,Not_mentioned,Not_mentioned
5364,Neutral,3,Neutral,Negative,Not_mentioned,Not_mentioned,Negative,Neutral,1,0,0,0,1,1,0,1,1,0,Not_mentioned,Not_mentioned,Not_mentioned,Neutral,3,Other,Negative,Neutral,Negative,Negative,Neutral,1,0,0,0,1,0,0,1,1,1,Cheap,Not_mentioned,Not_mentioned
6337,Neutral,3,Neutral,Not_mentioned,Not_mentioned,Not_mentioned,Negative,Positive,1,0,0,1,0,1,0,0,0,0,Not_mentioned,Not_mentioned,Not_mentioned,Neutral,3,Frustration,Not_mentioned,Not_mentioned,Negative,Negative,Neutral,1,0,0,1,0,0,0,0,0,1,Not_mentioned,Not_mentioned,Not_mentioned
2538,Negative,1,Anger,Not_mentioned,Not_mentioned,Not_mentioned,Not_mentioned,Negative,1,1,1,0,0,0,0,1,0,0,Not_mentioned,Not_mentioned,Not_mentioned,Negative,1,Frustration,Not_mentioned,Not_mentioned,Negative,Not_mentioned,Negative,1,1,1,0,0,0,0,1,0,0,Not_mentioned,Not_mentioned,Not_mentioned
14767,Neutral,3,Neutral,Not_mentioned,Not_mentioned,Not_mentioned,Not_mentioned,Neutral,0,0,0,0,0,1,0,0,0,0,Not_mentioned,Not_mentioned,Not_mentioned,Neutral,3,Neutral,Not_mentioned,Not_mentioned,Not_mentioned,Not_mentioned,Neutral,0,0,0,0,0,0,0,0,0,0,Not_mentioned,Not_mentioned,Not_mentioned
10922,Negative,2,Sadness,Not_mentioned,Not_mentioned,Not_mentioned,Not_mentioned,Not_mentioned,0,0,0,0,1,0,0,0,0,0,Not_mentioned,Not_mentioned,Not_mentioned,Negative,2,Sadness,Not_mentioned,Not_mentioned,Neutral,Not_mentioned,Negative,0,0,0,0,1,0,0,0,0,0,Not_mentioned,Not_mentioned,Not_mentioned
11140,Neutral,3,Neutral,Not_mentioned,Not_mentioned,Not_mentioned,Not_mentioned,Neutral,0,0,0,0,0,0,0,0,0,0,Not_mentioned,Yes,Not_mentioned,Neutral,3,Neutral,Not_mentioned,Not_mentioned,Not_mentioned,Not_mentioned,Neutral,0,0,0,0,0,0,0,0,0,0,Not_mentioned,Yes,Not_mentioned
4100,Negative,2,Frustration,Not_mentioned,Negative,Not_mentioned,Not_mentioned,Not_mentioned,0,0,0,0,0,0,1,1,0,0,Expensive,Not_mentioned,Not_mentioned,Negative,2,Frustration,Not_mentioned,Negative,Negative,Not_mentioned,Not_mentioned,0,0,0,0,0,0,1,1,0,0,Expensive,Not_mentioned,Not_mentioned
161,Negative,1,Disgust,Not_mentioned,Not_mentioned,Not_mentioned,Negative,Negative,0,0,0,1,0,0,0,0,1,1,Not_mentioned,No,Not_mentioned,Negative,1,Frustration,Negative,Not_mentioned,Not_mentioned,Not_mentioned,Negative,0,0,0,0,0,0,0,0,1,1,Not_mentioned,No,Not_mentioned
9233,Negative,2,Frustration,Not_mentioned,Negative,Not_mentioned,Not_mentioned,Not_mentioned,0,0,0,0,0,0,1,0,0,1,Expensive,No,Not_mentioned,Negative,2,Frustration,Not_mentioned,Negative,Not_mentioned,Not_mentioned,Negative,0,0,0,0,0,1,1,0,0,1,Expensive,Not_mentioned,Not_mentioned
4703,Positive,5,Joy,Not_mentioned,Not_mentioned,Not_mentioned,Not_mentioned,Positive,1,0,0,0,0,0,0,0,0,0,Not_mentioned,Not_mentioned,Not_mentioned,Positive,5,Surprise,Not_mentioned,Not_mentioned,Neutral,Not_mentioned,Positive,1,0,0,0,0,0,0,0,0,0,Not_mentioned,Not_mentioned,Not_mentioned
5523,Negative,2,Frustration,Not_mentioned,Negative,Not_mentioned,Not_mentioned,Not_mentioned,0,0,0,0,0,0,0,1,0,0,Not_mentioned,Not_mentioned,Not_mentioned,Negative,2,Frustration,Not_mentioned,Negative,Negative,Not_mentioned,Not_mentioned,0,0,0,0,0,0,0,1,0,0,Not_mentioned,Not_mentioned,Not_mentioned
9926,Neutral,3,Neutral,Not_mentioned,Not_mentioned,Not_mentioned,Not_mentioned,Neutral,0,0,0,0,1,0,0,0,0,0,Not_mentioned,Yes,Not_mentioned,Neutral,3,Neutral,Not_mentioned,Not_mentioned,Not_mentioned,Not_mentioned,Neutral,0,0,0,0,1,0,0,0,0,0,Not_mentioned,Not_mentioned,Not_mentioned
6181,Positive,4,Neutral,Not_mentioned,Not_mentioned,Not_mentioned,Not_mentioned,Positive,0,0,0,0,0,0,0,0,0,0,Not_mentioned,Not_mentioned,Not_mentioned,Positive,4,Joy,Not_mentioned,Not_mentioned,Not_mentioned,Not_mentioned,Positive,0,0,0,0,0,0,0,0,0,0,Not_mentioned,Not_mentioned,Not_mentioned
4895,Neutral,3,Frustration,Not_mentioned,Not_mentioned,Not_mentioned,Not_mentioned,Neutral,0,0,0,0,1,0,0,0,0,0,Not_mentioned,Not_mentioned,Not_mentioned,Negative,2,Frustration,Negative,Not_mentioned,Not_mentioned,Not_mentioned,Negative,0,0,0,0,1,0,0,0,1,1,Not_mentioned,Not_mentioned,Not_mentioned
9119,Negative,2,Frustration,Not_mentioned,Not_mentioned,Not_mentioned,Not_mentioned,Negative,0,0,0,0,1,1,0,0,0,1,Not_mentioned,Not_mentioned,Not_mentioned,Negative,2,Frustration,Not_mentioned,Neutral,Not_mentioned,Not_mentioned,Negative,0,0,0,0,1,0,0,0,0,1,Not_mentioned,Not_mentioned,Not_mentioned
13664,Neutral,3,Neutral,Not_mentioned,Not_mentioned,Not_mentioned,Not_mentioned,Neutral,0,0,0,0,0,0,0,0,0,1,Not_mentioned,Not_mentioned,Not_mentioned,Neutral,3,Neutral,Not_mentioned,Positive,Positive,Not_mentioned,Neutral,0,0,0,0,0,0,0,0,0,1,Cheap,Not_mentioned,Not_mentioned
2587,Negative,2,Frustration,Not_mentioned,Negative,Not_mentioned,Not_mentioned,Neutral,0,0,0,0,1,0,0,1,0,0,Not_mentioned,Not_mentioned,Not_mentioned,Negative,2,Frustration,Not_mentioned,Negative,Negative,Not_mentioned,Neutral,0,0,0,0,0,0,0,1,0,0,Not_mentioned,Not_mentioned,Not_mentioned
5807,Negative,2,Sadness,Not_mentioned,Not_mentioned,Not_mentioned,Not_mentioned,Neutral,1,0,0,0,0,0,0,0,0,1,Not_mentioned,Not_mentioned,Not_mentioned,Negative,2,Sadness,Not_mentioned,Not_mentioned,Negative,Not_mentioned,Negative,1,0,0,0,0,0,0,0,0,1,Not_mentioned,Not_mentioned,Not_mentioned
14072,Neutral,3,Neutral,Not_mentioned,Positive,Not_mentioned,Not_mentioned,Positive,0,0,0,0,0,0,0,0,0,1,Cheap,Not_mentioned,Not_mentioned,Positive,4,Neutral,Not_mentioned,Positive,Not_mentioned,Not_mentioned,Positive,0,0,0,0,0,0,0,0,0,1,Cheap,Not_mentioned,Not_mentioned
3064,Positive,5,Joy,Not_mentioned,Not_mentioned,Not_mentioned,Not_mentioned,Positive,0,0,0,0,0,0,0,0,0,0,Not_mentioned,Not_mentioned,Not_mentioned,Positive,5,Joy,Not_mentioned,Not_mentioned,Not_mentioned,Not_mentioned,Positive,0,0,0,0,0,0,0,0,0,0,Not_mentioned,Not_mentioned,Not_mentioned
1000,Neutral,3,Neutral,Not_mentioned,Not_mentioned,Not_mentioned,Not_mentioned,Neutral,1,0,0,0,0,0,0,0,0,0,Not_mentioned,Not_mentioned,Not_mentioned,Neutral,3,Neutral,Not_mentioned,Not_mentioned,Neutral,Not_mentioned,Neutral,0,0,0,0,0,0,0,0,0,0,Not_mentioned,Not_mentioned,Not_mentioned
5209,Neutral,3,Neutral,Not_mentioned,Not_mentioned,Not_mentioned,Not_mentioned,Not_mentioned,0,0,0,0,0,0,0,0,0,0,Not_mentioned,Not_mentioned,Not_mentioned,Positive,4,Neutral,Not_mentioned,Not_mentioned,Not_mentioned,Not_mentioned,Positive,0,0,0,0,0,0,0,0,0,0,Not_mentioned,Yes,Not_mentioned
2564,Positive,4,Joy,Not_mentioned,Not_mentioned,Not_mentioned,Not_mentioned,Positive,0,0,0,0,0,0,0,0,0,0,Not_mentioned,Yes,Not_mentioned,Positive,5,Joy,Not_mentioned,Not_mentioned,Not_mentioned,Not_mentioned,Positive,0,0,0,0,0,0,0,0,0,0,Not_mentioned,Yes,Not_mentioned
5063,Negative,2,Disgust,Not_mentioned,Not_mentioned,Not_mentioned,Not_mentioned,Negative,1,0,0,0,0,0,0,1,0,1,Not_mentioned,Not_mentioned,Not_mentioned,Negative,2,Sadness,Not_mentioned,Not_mentioned,Negative,Not_mentioned,Negative,1,0,0,0,0,0,0,0,0,1,Not_mentioned,Not_mentioned,Not_mentioned
3197,Neutral,3,Neutral,Not_mentioned,Not_mentioned,Not_mentioned,Not_mentioned,Neutral,1,0,0,0,1,0,0,0,0,0,Not_mentioned,Not_mentioned,Not_mentioned,Neutral,3,Other,Not_mentioned,Not_mentioned,Negative,Not_mentioned,Neutral,1,0,0,0,1,0,0,0,0,0,Not_mentioned,Not_mentioned,Not_mentioned
121,Negative,1,Anger,Not_mentioned,Not_mentioned,Not_mentioned,Not_mentioned,Positive,0,0,0,0,0,0,0,0,0,1,Not_mentioned,Not_mentioned,No,Negative,1,Anger,Negative,Not_mentioned,Not_mentioned,Not_mentioned,Neutral,0,0,0,0,0,0,0,0,1,1,Not_mentioned,Not_mentioned,No
10038,Neutral,3,Neutral,Not_mentioned,Not_mentioned,Not_mentioned,Not_mentioned,Neutral,0,0,0,0,0,1,0,0,0,0,Not_mentioned,Yes,Not_mentioned,Positive,4,Neutral,Not_mentioned,Neutral,Not_mentioned,Not_mentioned,Neutral,0,0,0,0,0,0,0,0,0,0,Not_mentioned,Yes,Not_mentioned
4354,Negative,1,Fear,Negative,Not_mentioned,Not_mentioned,Negative,Negative,1,1,0,0,1,1,0,1,1,0,Not_mentioned,No,Not_mentioned,Negative,1,Fear,Negative,Not_mentioned,Negative,Negative,Negative,1,1,0,0,1,0,0,1,1,1,Not_mentioned,No,Not_mentioned
11472,Negative,2,Frustration,Not_mentioned,Not_mentioned,Not_mentioned,Not_mentioned,Negative,0,0,0,0,0,0,0,0,0,1,Not_mentioned,Not_mentioned,Not_mentioned,Negative,2,Frustration,Not_mentioned,Not_mentioned,Not_mentioned,Not_mentioned,Negative,0,0,0,0,0,0,0,0,0,1,Not_mentioned,Not_mentioned,Not_mentioned
14835,Negative,2,Frustration,Not_mentioned,Not_mentioned,Not_mentioned,Not_mentioned,Neutral,0,0,0,0,0,0,0,0,0,1,Not_mentioned,No,Not_mentioned,Negative,2,Frustration,Not_mentioned,Not_mentioned,Not_mentioned,Not_mentioned,Neutral,0,0,0,0,0,0,0,0,0,0,Not_mentioned,Not_mentioned,Not_mentioned
4409,Neutral,3,Neutral,Not_mentioned,Negative,Not_mentioned,Not_mentioned,Positive,0,0,0,0,0,0,1,1,0,0,Expensive,Not_mentioned,Not_mentioned,Neutral,3,Frustration,Not_mentioned,Negative,Negative,Not_mentioned,Positive,0,0,0,0,0,0,1,1,0,0,Expensive,No,Not_mentioned
1145,Negative,2,Sadness,Not_mentioned,Not_mentioned,Not_mentioned,Not_mentioned,Not_mentioned,0,0,0,0,0,0,0,0,0,1,Not_mentioned,Not_mentioned,Not_mentioned,Negative,2,Sadness,Not_mentioned,Not_mentioned,Not_mentioned,Not_mentioned,Neutral,0,0,0,0,0,0,0,0,0,1,Not_mentioned,Not_mentioned,Not_mentioned
8522,Positive,4,Joy,Not_mentioned,Not_mentioned,Not_mentioned,Not_mentioned,Positive,0,1,1,0,0,0,0,0,0,0,Not_mentioned,Not_mentioned,Not_mentioned,Positive,4,Joy,Not_mentioned,Not_mentioned,Not_mentioned,Not_mentioned,Positive,0,1,1,0,0,0,0,0,0,0,Not_mentioned,Not_mentioned,Not_mentioned
4831,Negative,2,Disgust,Not_mentioned,Not_mentioned,Not_mentioned,Negative,Negative,0,0,0,1,0,0,0,0,0,1,Not_mentioned,Not_mentioned,Not_mentioned,Negative,2,Disgust,Not_mentioned,Not_mentioned,Not_mentioned,Negative,Negative,0,0,0,1,0,0,0,0,0,1,Not_mentioned,Not_mentioned,Not_mentioned
489,Neutral,3,Neutral,Negative,Not_mentioned,Not_mentioned,Not_mentioned,Neutral,0,0,0,0,1,0,0,0,1,0,Not_mentioned,Not_mentioned,Not_mentioned,Negative,2,Other,Negative,Not_mentioned,Not_mentioned,Not_mentioned,Negative,0,0,0,0,1,0,0,0,1,1,Not_mentioned,Not_mentioned,Not_mentioned
8942,Positive,4,Joy,Not_mentioned,Not_mentioned,Not_mentioned,Not_mentioned,Positive,0,0,0,0,1,0,0,0,0,0,Not_mentioned,Not_mentioned,Not_mentioned,Positive,4,Joy,Not_mentioned,Not_mentioned,Not_mentioned,Not_mentioned,Positive,0,0,0,0,1,0,0,0,0,0,Not_mentioned,Not_mentioned,Not_mentioned
8766,Positive,4,Joy,Not_mentioned,Not_mentioned,Not_mentioned,Not_mentioned,Positive,0,0,0,0,0,0,0,0,1,0,Not_mentioned,Yes,Not_mentioned,Positive,4,Joy,Negative,Not_mentioned,Not_mentioned,Not_mentioned,Positive,0,0,0,0,0,0,0,0,1,0,Not_mentioned,Not_mentioned,Not_mentioned
11710,Positive,4,Joy,Not_mentioned,Not_mentioned,Not_mentioned,Positive,Positive,0,0,0,0,0,0,0,0,0,0,Not_mentioned,Yes,Not_mentioned,Positive,5,Joy,Not_mentioned,Not_mentioned,Not_mentioned,Not_mentioned,Positive,0,0,0,0,0,0,0,0,0,0,Not_mentioned,Not_mentioned,Not_mentioned
5007,Positive,4,Joy,Not_mentioned,Negative,Not_mentioned,Not_mentioned,Positive,0,0,1,0,0,0,1,1,0,0,Expensive,Yes,Not_mentioned,Positive,4,Surprise,Not_mentioned,Negative,Negative,Not_mentioned,Neutral,0,1,1,0,0,0,1,1,0,0,Expensive,Yes,Not_mentioned
1028,Negative,1,Disgust,Not_mentioned,Negative,Negative,Negative,Negative,0,0,0,1,0,1,1,1,0,0,Expensive,No,Not_mentioned,Negative,1,Disgust,Not_mentioned,Negative,Negative,Negative,Negative,0,0,0,1,0,0,1,1,0,1,Expensive,No,Not_mentioned
108,Negative,1,Sadness,Not_mentioned,Not_mentioned,Not_mentioned,Negative,Not_mentioned,0,0,0,1,0,0,0,0,0,1,Not_mentioned,Not_mentioned,Not_mentioned,Negative,1,Sadness,Not_mentioned,Not_mentioned,Not_mentioned,Negative,Negative,0,0,0,1,0,0,0,0,0,1,Not_mentioned,Not_mentioned,Not_mentioned
6708,Neutral,3,Fear,Negative,Not_mentioned,Not_mentioned,Not_mentioned,Positive,0,0,0,0,0,0,0,0,1,0,Not_mentioned,Yes,Not_mentioned,Neutral,3,Fear,Negative,Not_mentioned,Not_mentioned,Not_mentioned,Neutral,0,0,0,0,0,0,0,0,1,0,Not_mentioned,Yes,Not_mentioned
9740,Positive,5,Joy,Not_mentioned,Not_mentioned,Not_mentioned,Not_mentioned,Positive,0,0,0,0,0,0,0,0,0,0,Not_mentioned,Not_mentioned,Not_mentioned,Positive,5,Joy,Not_mentioned,Not_mentioned,Not_mentioned,Not_mentioned,Positive,0,0,0,0,0,0,0,0,0,0,Not_mentioned,Not_mentioned,Not_mentioned
9463,Neutral,3,Neutral,Not_mentioned,Not_mentioned,Not_mentioned,Not_mentioned,Neutral,0,0,0,0,0,0,0,0,0,1,Not_mentioned,Not_mentioned,Not_mentioned,Positive,4,Neutral,Not_mentioned,Not_mentioned,Not_mentioned,Not_mentioned,Positive,0,0,0,0,0,0,0,0,0,1,Not_mentioned,Not_mentioned,Not_mentioned
5845,Negative,2,Frustration,Not_mentioned,Not_mentioned,Not_mentioned,Not_mentioned,Neutral,1,0,0,0,0,0,0,0,0,0,Not_mentioned,Not_mentioned,Not_mentioned,Negative,2,Frustration,Not_mentioned,Not_mentioned,Negative,Not_mentioned,Negative,1,0,0,0,0,0,0,0,0,0,Not_mentioned,Not_mentioned,Not_mentioned
947,Negative,2,Neutral,Not_mentioned,Not_mentioned,Not_mentioned,Negative,Neutral,0,0,0,0,0,1,0,0,0,0,Not_mentioned,Yes,Not_mentioned,Neutral,3,Neutral,Not_mentioned,Not_mentioned,Not_mentioned,Negative,Negative,0,0,0,0,0,0,0,0,0,1,Not_mentioned,Yes,Not_mentioned
2810,Positive,4,Joy,Not_mentioned,Positive,Not_mentioned,Not_mentioned,Positive,0,0,0,0,0,0,0,1,0,0,Fair,Yes,Not_mentioned,Positive,5,Joy,Not_mentioned,Positive,Not_mentioned,Not_mentioned,Positive,0,0,0,0,0,0,0,0,0,0,Fair,Yes,Not_mentioned
9112,Positive,4,Joy,Not_mentioned,Not_mentioned,Not_mentioned,Positive,Positive,0,0,0,0,0,0,0,0,0,0,Not_mentioned,Not_mentioned,Not_mentioned,Positive,5,Joy,Not_mentioned,Not_mentioned,Positive,Not_mentioned,Positive,0,0,0,0,0,0,0,0,0,0,Not_mentioned,Not_mentioned,Not_mentioned
6998,Neutral,3,Neutral,Positive,Not_mentioned,Not_mentioned,Not_mentioned,Neutral,0,0,0,1,0,1,0,0,0,0,Not_mentioned,Not_mentioned,Not_mentioned,Neutral,3,Surprise,Positive,Not_mentioned,Not_mentioned,Not_mentioned,Negative,0,0,0,0,0,0,0,0,0,1,Not_mentioned,Not_mentioned,Not_mentioned
12901,Neutral,3,Neutral,Not_mentioned,Not_mentioned,Not_mentioned,Not_mentioned,Neutral,0,0,0,0,0,1,0,0,0,0,Not_mentioned,Yes,Not_mentioned,Neutral,3,Neutral,Not_mentioned,Not_mentioned,Not_mentioned,Not_mentioned,Neutral,0,0,0,0,0,1,0,0,0,0,Not_mentioned,Yes,Not_mentioned
10333,Positive,4,Joy,Not_mentioned,Not_mentioned,Not_mentioned,Not_mentioned,Positive,0,0,0,0,0,0,0,0,0,0,Not_mentioned,Yes,Not_mentioned,Positive,4,Joy,Not_mentioned,Not_mentioned,Not_mentioned,Not_mentioned,Positive,0,0,0,0,0,0,0,0,0,0,Not_mentioned,Yes,Not_mentioned
11644,Negative,2,Neutral,Not_mentioned,Negative,Not_mentioned,Not_mentioned,Not_mentioned,0,0,0,0,0,0,1,0,0,0,Expensive,No,Not_mentioned,Negative,2,Frustration,Not_mentioned,Negative,Not_mentioned,Not_mentioned,Negative,0,0,0,0,0,0,1,0,0,0,Expensive,No,Not_mentioned
942,Negative,2,Neutral,Not_mentioned,Not_mentioned,Not_mentioned,Not_mentioned,Negative,0,0,0,0,0,0,0,0,0,0,Not_mentioned,Not_mentioned,No,Negative,2,Other,Not_mentioned,Not_mentioned,Not_mentioned,Not_mentioned,Negative,0,0,0,0,0,0,0,0,0,1,Not_mentioned,Not_mentioned,No
2577,Negative,2,Frustration,Not_mentioned,Not_mentioned,Not_mentioned,Negative,Negative,0,0,0,0,1,1,0,0,1,0,Not_mentioned,Not_mentioned,Not_mentioned,Negative,2,Frustration,Negative,Not_mentioned,Not_mentioned,Negative,Negative,0,0,0,0,1,0,0,0,1,1,Not_mentioned,Not_mentioned,Not_mentioned
6580,Positive,4,Joy,Not_mentioned,Positive,Not_mentioned,Not_mentioned,Positive,1,0,0,0,0,0,0,0,0,0,Fair,Not_mentioned,Not_mentioned,Positive,4,Trust,Neutral,Positive,Neutral,Not_mentioned,Positive,1,0,0,0,0,0,0,0,0,0,Fair,Not_mentioned,Not_mentioned
13740,Positive,4,Joy,Not_mentioned,Positive,Not_mentioned,Not_mentioned,Positive,0,0,0,0,0,1,0,0,0,0,Cheap,Not_mentioned,Not_mentioned,Positive,4,Joy,Not_mentioned,Positive,Not_mentioned,Not_mentioned,Positive,0,0,0,0,0,1,0,0,0,0,Cheap,Not_mentioned,Not_mentioned
1452,Negative,2,Fear,Negative,Not_mentioned,Not_mentioned,Not_mentioned,Negative,0,0,1,0,1,0,0,0,1,1,Not_mentioned,Not_mentioned,No,Negative,2,Fear,Negative,Not_mentioned,Negative,Not_mentioned,Negative,0,1,1,0,1,0,0,0,1,1,Not_mentioned,Not_mentioned,No
14115,Neutral,3,Neutral,Not_mentioned,Not_mentioned,Not_mentioned,Not_mentioned,Neutral,0,0,0,0,0,0,0,0,0,1,Not_mentioned,Not_mentioned,Not_mentioned,Neutral,3,Neutral,Not_mentioned,Not_mentioned,Not_mentioned,Not_mentioned,Neutral,0,0,0,0,0,0,0,0,0,1,Not_mentioned,Not_mentioned,Not_mentioned
8358,Negative,2,Fear,Negative,Not_mentioned,Not_mentioned,Not_mentioned,Neutral,0,0,0,0,0,0,0,0,0,0,Not_mentioned,Not_mentioned,Not_mentioned,Neutral,3,Other,Not_mentioned,Not_mentioned,Not_mentioned,Not_mentioned,Neutral,0,1,0,0,0,0,0,0,0,0,Not_mentioned,Not_mentioned,Not_mentioned
2243,Negative,2,Disgust,Not_mentioned,Not_mentioned,Not_mentioned,Negative,Neutral,1,0,0,1,1,1,0,0,0,0,Not_mentioned,Not_mentioned,No,Negative,1,Disgust,Not_mentioned,Not_mentioned,Negative,Negative,Negative,1,0,0,1,1,0,0,0,0,1,Not_mentioned,Not_mentioned,No
9925,Negative,2,Frustration,Not_mentioned,Not_mentioned,Not_mentioned,Not_mentioned,Negative,0,0,0,0,0,1,0,0,0,0,Not_mentioned,Not_mentioned,Not_mentioned,Negative,2,Frustration,Not_mentioned,Not_mentioned,Not_mentioned,Not_mentioned,Negative,0,0,0,0,0,1,0,0,0,0,Not_mentioned,Not_mentioned,Not_mentioned
14095,Positive,5,Joy,Not_mentioned,Positive,Not_mentioned,Not_mentioned,Positive,0,0,0,0,0,0,0,0,0,0,Cheap,Yes,Not_mentioned,Positive,5,Joy,Not_mentioned,Positive,Not_mentioned,Not_mentioned,Positive,0,0,0,0,0,0,0,0,0,0,Cheap,Yes,Not_mentioned
13616,Positive,4,Joy,Not_mentioned,Not_mentioned,Not_mentioned,Not_mentioned,Positive,0,0,0,0,0,0,0,0,0,0,Not_mentioned,Not_mentioned,Not_mentioned,Positive,4,Joy,Not_mentioned,Not_mentioned,Neutral,Not_mentioned,Positive,0,0,0,0,0,0,0,0,0,1,Not_mentioned,Not_mentioned,Not_mentioned
665,Neutral,3,Neutral,Negative,Not_mentioned,Not_mentioned,Not_mentioned,Neutral,0,0,0,0,0,0,0,0,1,1,Not_mentioned,Not_mentioned,Not_mentioned,Neutral,3,Neutral,Negative,Not_mentioned,Not_mentioned,Not_mentioned,Neutral,0,0,0,0,0,0,0,0,1,1,Not_mentioned,Not_mentioned,Not_mentioned
10743,Neutral,3,Frustration,Not_mentioned,Negative,Not_mentioned,Not_mentioned,Neutral,0,0,0,0,1,0,1,0,0,1,Expensive,Not_mentioned,Not_mentioned,Negative,2,Frustration,Not_mentioned,Negative,Not_mentioned,Not_mentioned,Neutral,0,0,0,0,1,0,1,0,0,1,Expensive,Not_mentioned,Not_mentioned
7977,Negative,1,Disgust,Not_mentioned,Negative,Not_mentioned,Negative,Negative,0,0,1,1,0,1,1,0,0,0,Expensive,Not_mentioned,No,Negative,1,Disgust,Not_mentioned,Negative,Not_mentioned,Negative,Negative,0,1,1,1,0,0,1,0,0,1,Expensive,Not_mentioned,No
1392,Negative,1,Fear,Negative,Not_mentioned,Not_mentioned,Negative,Negative,0,0,0,1,0,0,0,0,1,0,Not_mentioned,Not_mentioned,No,Negative,1,Fear,Negative,Not_mentioned,Negative,Not_mentioned,Negative,0,0,0,1,0,0,0,0,1,1,Not_mentioned,Not_mentioned,No
7034,Negative,2,Frustration,Negative,Not_mentioned,Not_mentioned,Negative,Negative,0,0,0,1,1,0,0,0,1,0,Not_mentioned,Not_mentioned,Not_mentioned,Negative,2,Frustration,Negative,Not_mentioned,Not_mentioned,Not_mentioned,Negative,0,0,0,1,0,0,0,0,1,1,Not_mentioned,Not_mentioned,Not_mentioned
6777,Positive,5,Joy,Not_mentioned,Not_mentioned,Not_mentioned,Not_mentioned,Positive,0,0,0,0,0,0,0,0,0,0,Not_mentioned,Yes,Not_mentioned,Positive,5,Joy,Not_mentioned,Not_mentioned,Not_mentioned,Not_mentioned,Positive,0,0,0,0,0,0,0,0,0,0,Not_mentioned,Yes,Not_mentioned
1915,Negative,2,Frustration,Not_mentioned,Not_mentioned,Not_mentioned,Not_mentioned,Negative,1,0,0,0,0,0,0,1,1,0,Not_mentioned,Not_mentioned,Not_mentioned,Negative,2,Frustration,Negative,Not_mentioned,Negative,Not_mentioned,Negative,1,0,0,0,0,0,0,1,1,0,Not_mentioned,Not_mentioned,Not_mentioned
3820,Negative,2,Frustration,Not_mentioned,Not_mentioned,Not_mentioned,Negative,Neutral,0,0,0,1,0,0,0,0,1,0,Not_mentioned,No,Not_mentioned,Negative,2,Frustration,Negative,Not_mentioned,Not_mentioned,Not_mentioned,Negative,0,0,0,0,0,0,0,0,1,1,Not_mentioned,No,Not_mentioned
6628,Positive,4,Joy,Not_mentioned,Neutral,Positive,Not_mentioned,Not_mentioned,1,0,0,0,0,0,1,0,0,0,Not_mentioned,Not_mentioned,Not_mentioned,Positive,4,Trust,Not_mentioned,Neutral,Positive,Not_mentioned,Not_mentioned,0,0,0,0,0,0,0,0,0,0,Not_mentioned,Not_mentioned,Not_mentioned
1699,Negative,2,Neutral,Not_mentioned,Not_mentioned,Not_mentioned,Not_mentioned,Negative,0,0,1,0,0,0,0,0,0,0,Not_mentioned,Not_mentioned,Not_mentioned,Negative,2,Frustration,Not_mentioned,Not_mentioned,Not_mentioned,Not_mentioned,Negative,0,1,1,0,0,0,0,0,0,0,Not_mentioned,Not_mentioned,Not_mentioned
3480,Positive,5,Joy,Not_mentioned,Positive,Not_mentioned,Not_mentioned,Positive,0,0,0,0,0,0,0,0,0,0,Fair,Not_mentioned,Not_mentioned,Positive,5,Joy,Not_mentioned,Positive,Not_mentioned,Not_mentioned,Positive,0,0,0,0,0,0,0,0,0,0,Fair,Not_mentioned,Not_mentioned
10322,Positive,4,Joy,Not_mentioned,Not_mentioned,Not_mentioned,Not_mentioned,Positive,0,0,0,0,0,0,0,0,0,0,Not_mentioned,Yes,Not_mentioned,Positive,5,Joy,Not_mentioned,Not_mentioned,Not_mentioned,Not_mentioned,Positive,0,0,0,0,0,0,0,0,0,0,Not_mentioned,Yes,Not_mentioned
2264,Positive,4,Joy,Not_mentioned,Not_mentioned,Not_mentioned,Not_mentioned,Positive,1,0,0,0,0,0,0,0,0,0,Not_mentioned,Yes,Not_mentioned,Positive,4,Joy,Not_mentioned,Neutral,Neutral,Not_mentioned,Positive,0,0,0,0,0,0,0,0,0,0,Not_mentioned,Yes,Not_mentioned
8876,Negative,2,Frustration,Not_mentioned,Not_mentioned,Not_mentioned,Not_mentioned,Negative,1,0,0,0,1,0,0,1,0,0,Not_mentioned,Not_mentioned,Not_mentioned,Negative,1,Frustration,Negative,Not_mentioned,Negative,Not_mentioned,Negative,1,0,0,0,1,0,0,1,1,1,Not_mentioned,Not_mentioned,Not_mentioned
11047,Neutral,3,Neutral,Not_mentioned,Not_mentioned,Not_mentioned,Not_mentioned,Positive,0,0,0,0,1,0,0,0,0,0,Not_mentioned,Not_mentioned,Not_mentioned,Neutral,3,Frustration,Not_mentioned,Not_mentioned,Not_mentioned,Not_mentioned,Neutral,0,0,0,0,1,0,0,0,0,1,Not_mentioned,Not_mentioned,Not_mentioned
2612,Negative,2,Frustration,Not_mentioned,Not_mentioned,Not_mentioned,Negative,Negative,1,0,0,0,0,1,0,0,0,0,Not_mentioned,Not_mentioned,No,Negative,2,Frustration,Not_mentioned,Not_mentioned,Negative,Negative,Negative,1,0,0,0,0,0,0,0,0,1,Not_mentioned,Not_mentioned,No
2391,Negative,2,Frustration,Negative,Not_mentioned,Not_mentioned,Not_mentioned,Negative,0,0,0,0,0,0,0,1,0,1,Not_mentioned,No,Not_mentioned,Negative,2,Frustration,Not_mentioned,Not_mentioned,Negative,Not_mentioned,Negative,0,0,0,0,0,0,0,1,0,1,Not_mentioned,No,Not_mentioned
9432,Neutral,3,Neutral,Not_mentioned,Not_mentioned,Not_mentioned,Not_mentioned,Positive,0,0,0,0,1,1,0,0,0,0,Not_mentioned,Yes,Not_mentioned,Neutral,3,Frustration,Not_mentioned,Not_mentioned,Not_mentioned,Not_mentioned,Neutral,0,0,0,0,1,1,0,0,0,0,Not_mentioned,Yes,Not_mentioned
9781,Positive,5,Joy,Not_mentioned,Not_mentioned,Not_mentioned,Not_mentioned,Positive,0,0,0,0,0,0,0,0,0,0,Not_mentioned,Not_mentioned,Not_mentioned,Positive,5,Joy,Not_mentioned,Not_mentioned,Not_mentioned,Not_mentioned,Positive,0,0,0,0,0,0,0,0,0,0,Not_mentioned,Not_mentioned,Not_mentioned
8337,Neutral,3,Frustration,Not_mentioned,Not_mentioned,Not_mentioned,Not_mentioned,Neutral,1,0,0,0,1,0,0,0,0,0,Not_mentioned,Not_mentioned,Not_mentioned,Negative,2,Frustration,Not_mentioned,Not_mentioned,Neutral,Not_mentioned,Neutral,1,0,0,0,1,0,0,0,0,0,Not_mentioned,Not_mentioned,Not_mentioned
12732,Positive,4,Neutral,Not_mentioned,Not_mentioned,Not_mentioned,Not_mentioned,Positive,0,0,0,0,0,0,0,0,0,0,Not_mentioned,Not_mentioned,Not_mentioned,Positive,4,Neutral,Not_mentioned,Not_mentioned,Not_mentioned,Not_mentioned,Positive,0,0,0,0,0,0,0,0,0,0,Not_mentioned,Not_mentioned,Not_mentioned
2899,Negative,2,Sadness,Negative,Not_mentioned,Not_mentioned,Not_mentioned,Not_mentioned,0,0,0,1,0,0,0,0,1,0,Not_mentioned,Not_mentioned,Not_mentioned,Negative,2,Fear,Negative,Not_mentioned,Not_mentioned,Not_mentioned,Negative,0,0,0,0,0,0,0,0,1,1,Not_mentioned,Not_mentioned,Not_mentioned
3050,Positive,4,Joy,Not_mentioned,Not_mentioned,Not_mentioned,Not_mentioned,Positive,0,0,0,0,0,0,0,0,0,0,Not_mentioned,Not_mentioned,Not_mentioned,Positive,4,Joy,Not_mentioned,Not_mentioned,Not_mentioned,Not_mentioned,Positive,0,0,0,0,0,0,0,0,0,0,Not_mentioned,Not_mentioned,Not_mentioned
10616,Positive,4,Joy,Not_mentioned,Not_mentioned,Not_mentioned,Not_mentioned,Positive,0,0,0,0,0,0,0,0,0,0,Not_mentioned,Not_mentioned,Not_mentioned,Positive,4,Joy,Not_mentioned,Not_mentioned,Positive,Not_mentioned,Positive,0,0,0,0,0,0,0,0,0,0,Not_mentioned,Yes,Not_mentioned
676,Negative,2,Anger,Negative,Not_mentioned,Not_mentioned,Not_mentioned,Not_mentioned,0,0,0,0,0,0,0,0,1,0,Not_mentioned,Not_mentioned,Not_mentioned,Negative,1,Anger,Negative,Not_mentioned,Not_mentioned,Not_mentioned,Negative,0,0,0,0,0,0,0,0,1,0,Not_mentioned,Not_mentioned,Not_mentioned
13805,Positive,4,Joy,Not_mentioned,Not_mentioned,Not_mentioned,Not_mentioned,Positive,0,0,0,0,0,0,0,0,0,0,Not_mentioned,Yes,Not_mentioned,Positive,5,Joy,Not_mentioned,Not_mentioned,Not_mentioned,Not_mentioned,Positive,0,0,0,0,0,0,0,0,0,0,Not_mentioned,Yes,Not_mentioned
11318,Positive,5,Joy,Not_mentioned,Not_mentioned,Not_mentioned,Not_mentioned,Positive,0,0,0,0,1,0,0,0,0,0,Not_mentioned,Not_mentioned,Not_mentioned,Positive,5,Joy,Not_mentioned,Not_mentioned,Not_mentioned,Not_mentioned,Positive,0,0,0,0,1,0,0,0,0,0,Not_mentioned,Not_mentioned,Not_mentioned
6851,Negative,2,Frustration,Not_mentioned,Not_mentioned,Not_mentioned,Negative,Negative,1,0,0,1,0,0,0,0,1,0,Not_mentioned,Not_mentioned,Not_mentioned,Negative,2,Frustration,Negative,Not_mentioned,Neutral,Negative,Negative,1,0,0,1,0,0,0,0,1,1,Not_mentioned,Not_mentioned,Not_mentioned
12225,Negative,2,Neutral,Not_mentioned,Not_mentioned,Not_mentioned,Not_mentioned,Neutral,0,0,0,0,0,0,0,0,0,0,Not_mentioned,Not_mentioned,Not_mentioned,Negative,2,Frustration,Not_mentioned,Not_mentioned,Not_mentioned,Not_mentioned,Negative,0,0,0,0,0,0,0,0,0,0,Not_mentioned,Not_mentioned,Not_mentioned
6873,Positive,5,Joy,Not_mentioned,Not_mentioned,Not_mentioned,Not_mentioned,Positive,0,0,0,0,0,0,0,0,0,0,Not_mentioned,Not_mentioned,Not_mentioned,Positive,5,Joy,Not_mentioned,Not_mentioned,Not_mentioned,Not_mentioned,Positive,0,0,0,0,0,0,0,0,0,0,Not_mentioned,Not_mentioned,Not_mentioned
10914,Negative,2,Frustration,Not_mentioned,Not_mentioned,Negative,Not_mentioned,Neutral,0,0,0,0,0,0,0,0,0,1,Not_mentioned,Not_mentioned,No,Negative,2,Frustration,Not_mentioned,Not_mentioned,Not_mentioned,Not_mentioned,Negative,0,0,0,0,0,0,0,0,0,1,Not_mentioned,Not_mentioned,No
274,Negative,1,Fear,Negative,Not_mentioned,Not_mentioned,Negative,Negative,0,0,0,0,0,1,0,1,1,1,Not_mentioned,No,Not_mentioned,Negative,2,Fear,Negative,Not_mentioned,Negative,Negative,Negative,0,0,0,0,0,0,0,0,1,1,Not_mentioned,No,Not_mentioned
4820,Negative,2,Frustration,Not_mentioned,Not_mentioned,Not_mentioned,Not_mentioned,Not_mentioned,1,0,0,0,0,0,0,0,0,0,Not_mentioned,Not_mentioned,Not_mentioned,Negative,2,Frustration,Not_mentioned,Not_mentioned,Negative,Not_mentioned,Negative,1,1,0,0,0,0,0,0,0,0,Not_mentioned,Not_mentioned,Not_mentioned
13964,Neutral,3,Neutral,Not_mentioned,Not_mentioned,Not_mentioned,Not_mentioned,Not_mentioned,0,0,0,0,0,0,0,0,0,0,Not_mentioned,Not_mentioned,Not_mentioned,Neutral,3,Neutral,Not_mentioned,Not_mentioned,Not_mentioned,Not_mentioned,Neutral,0,0,0,0,0,0,0,0,0,0,Not_mentioned,Not_mentioned,Not_mentioned
12262,Positive,5,Joy,Not_mentioned,Not_mentioned,Not_mentioned,Not_mentioned,Positive,0,0,0,0,0,0,0,0,0,0,Not_mentioned,Yes,Yes,Positive,5,Joy,Not_mentioned,Not_mentioned,Not_mentioned,Not_mentioned,Positive,0,0,0,0,0,0,0,0,0,0,Not_mentioned,Yes,Yes
8755,Negative,1,Disgust,Not_mentioned,Not_mentioned,Not_mentioned,Negative,Negative,0,0,0,0,0,1,0,1,0,1,Not_mentioned,Not_mentioned,Not_mentioned,Negative,1,Disgust,Not_mentioned,Negative,Negative,Negative,Negative,0,0,0,0,0,0,0,1,0,1,Not_mentioned,Not_mentioned,Not_mentioned
7553,Negative,2,Neutral,Not_mentioned,Not_mentioned,Not_mentioned,Not_mentioned,Negative,0,0,0,0,1,0,0,0,0,0,Not_mentioned,No,Not_mentioned,Negative,2,Frustration,Not_mentioned,Not_mentioned,Not_mentioned,Not_mentioned,Negative,0,0,0,0,1,0,0,0,0,0,Not_mentioned,No,Not_mentioned
14361,Neutral,3,Neutral,Not_mentioned,Not_mentioned,Not_mentioned,Not_mentioned,Not_mentioned,0,0,0,0,0,0,0,0,0,0,Not_mentioned,Not_mentioned,Not_mentioned,Neutral,3,Neutral,Not_mentioned,Not_mentioned,Not_mentioned,Not_mentioned,Not_mentioned,0,0,0,0,0,0,0,0,0,0,Not_mentioned,Not_mentioned,Not_mentioned
327,Negative,2,Frustration,Negative,Not_mentioned,Not_mentioned,Not_mentioned,Neutral,1,0,0,0,1,0,1,0,1,1,Not_mentioned,Not_mentioned,Not_mentioned,Negative,2,Frustration,Negative,Neutral,Neutral,Not_mentioned,Negative,1,0,0,0,1,0,0,0,1,1,Not_mentioned,Not_mentioned,Not_mentioned
1790,Negative,2,Frustration,Not_mentioned,Negative,Not_mentioned,Not_mentioned,Neutral,1,0,0,0,0,0,1,1,1,1,Expensive,No,Not_mentioned,Negative,2,Frustration,Negative,Negative,Negative,Not_mentioned,Negative,1,0,0,0,1,0,1,1,1,1,Expensive,No,Not_mentioned
12712,Positive,5,Joy,Not_mentioned,Positive,Not_mentioned,Not_mentioned,Positive,0,0,0,0,0,0,0,0,0,0,Cheap,Not_mentioned,Not_mentioned,Positive,5,Joy,Not_mentioned,Positive,Not_mentioned,Not_mentioned,Positive,0,0,0,0,0,0,0,0,0,0,Cheap,Not_mentioned,Not_mentioned
234,Negative,1,Fear,Negative,Not_mentioned,Not_mentioned,Not_mentioned,Negative,0,0,0,0,0,0,0,1,1,0,Not_mentioned,No,Not_mentioned,Negative,1,Fear,Negative,Not_mentioned,Positive,Not_mentioned,Negative,0,0,0,0,0,0,0,1,1,0,Not_mentioned,No,Not_mentioned
1394,Negative,1,Fear,Negative,Not_mentioned,Not_mentioned,Not_mentioned,Negative,1,0,1,0,0,0,0,1,1,0,Not_mentioned,Not_mentioned,Not_mentioned,Negative,1,Fear,Negative,Negative,Negative,Not_mentioned,Negative,1,1,1,0,0,0,0,1,1,0,Not_mentioned,Not_mentioned,Not_mentioned
13079,Negative,2,Frustration,Not_mentioned,Not_mentioned,Not_mentioned,Not_mentioned,Neutral,0,0,0,0,0,1,0,0,0,1,Not_mentioned,Not_mentioned,Not_mentioned,Negative,2,Frustration,Not_mentioned,Not_mentioned,Not_mentioned,Not_mentioned,Negative,0,0,0,0,0,1,0,0,0,1,Not_mentioned,Not_mentioned,Not_mentioned
1828,Positive,4,Joy,Not_mentioned,Not_mentioned,Not_mentioned,Not_mentioned,Positive,0,0,0,0,0,0,0,0,0,0,Not_mentioned,Not_mentioned,Not_mentioned,Positive,5,Joy,Not_mentioned,Not_mentioned,Positive,Not_mentioned,Positive,0,0,0,0,0,0,0,0,0,0,Not_mentioned,Yes,Not_mentioned
12613,Positive,4,Joy,Not_mentioned,Positive,Not_mentioned,Not_mentioned,Positive,0,0,0,0,0,0,0,0,0,0,Cheap,Not_mentioned,Not_mentioned,Positive,5,Joy,Not_mentioned,Positive,Not_mentioned,Not_mentioned,Positive,0,0,0,0,0,0,0,0,0,0,Fair,Not_mentioned,Not_mentioned
12150,Positive,4,Joy,Not_mentioned,Not_mentioned,Not_mentioned,Not_mentioned,Positive,0,0,0,0,0,0,0,0,0,0,Not_mentioned,Yes,Not_mentioned,Positive,4,Joy,Not_mentioned,Not_mentioned,Not_mentioned,Not_mentioned,Positive,0,0,0,0,0,0,0,0,0,0,Not_mentioned,Yes,Not_mentioned
13004,Positive,5,Joy,Not_mentioned,Not_mentioned,Not_mentioned,Not_mentioned,Positive,0,0,0,0,0,0,0,0,0,0,Not_mentioned,Yes,Not_mentioned,Positive,5,Joy,Not_mentioned,Not_mentioned,Not_mentioned,Not_mentioned,Positive,0,0,0,0,0,0,0,0,0,0,Not_mentioned,Yes,Not_mentioned
10065,Negative,2,Frustration,Not_mentioned,Negative,Not_mentioned,Not_mentioned,Negative,0,0,0,0,1,0,1,0,0,1,Expensive,Not_mentioned,Not_mentioned,Negative,1,Frustration,Not_mentioned,Negative,Not_mentioned,Not_mentioned,Negative,0,0,0,0,0,0,1,0,0,1,Expensive,Not_mentioned,Not_mentioned
9106,Negative,2,Frustration,Not_mentioned,Not_mentioned,Not_mentioned,Not_mentioned,Neutral,0,0,0,0,1,1,0,0,0,0,Not_mentioned,No,Not_mentioned,Negative,2,Frustration,Not_mentioned,Not_mentioned,Not_mentioned,Not_mentioned,Neutral,0,0,0,0,1,0,0,0,0,1,Not_mentioned,No,Not_mentioned
9319,Neutral,3,Frustration,Not_mentioned,Not_mentioned,Not_mentioned,Not_mentioned,Positive,0,0,0,0,1,0,0,0,0,0,Not_mentioned,Not_mentioned,Not_mentioned,Neutral,3,Frustration,Not_mentioned,Not_mentioned,Negative,Not_mentioned,Neutral,0,0,0,0,1,0,0,0,0,1,Not_mentioned,Not_mentioned,Not_mentioned
267,Negative,2,Frustration,Negative,Not_mentioned,Not_mentioned,Not_mentioned,Neutral,1,0,0,0,0,0,0,0,1,0,Not_mentioned,Not_mentioned,Not_mentioned,Negative,2,Frustration,Negative,Not_mentioned,Negative,Not_mentioned,Negative,1,0,0,0,1,0,0,0,1,0,Not_mentioned,Not_mentioned,Not_mentioned
3953,Neutral,3,Neutral,Positive,Negative,Not_mentioned,Not_mentioned,Positive,0,0,0,0,0,0,1,0,0,1,Expensive,Not_mentioned,Not_mentioned,Positive,4,Joy,Positive,Negative,Positive,Not_mentioned,Neutral,0,0,0,0,0,0,1,0,0,1,Expensive,Not_mentioned,Not_mentioned
14160,Positive,4,Joy,Not_mentioned,Not_mentioned,Negative,Positive,Positive,0,0,0,0,1,0,0,0,0,1,Not_mentioned,Not_mentioned,Not_mentioned,Positive,4,Joy,Not_mentioned,Not_mentioned,Positive,Not_mentioned,Positive,0,0,0,0,1,0,0,0,0,1,Not_mentioned,Not_mentioned,Not_mentioned
13732,Negative,2,Neutral,Not_mentioned,Not_mentioned,Not_mentioned,Not_mentioned,Negative,0,0,0,0,0,0,0,0,0,1,Not_mentioned,Not_mentioned,Not_mentioned,Negative,2,Frustration,Not_mentioned,Not_mentioned,Not_mentioned,Not_mentioned,Negative,0,0,0,0,0,0,0,0,0,1,Not_mentioned,Not_mentioned,Not_mentioned
2546,Negative,2,Neutral,Not_mentioned,Not_mentioned,Not_mentioned,Negative,Neutral,0,0,0,1,1,1,0,0,0,0,Not_mentioned,Not_mentioned,Not_mentioned,Negative,2,Frustration,Not_mentioned,Not_mentioned,Not_mentioned,Negative,Negative,0,0,0,0,1,0,0,0,0,1,Not_mentioned,Not_mentioned,Not_mentioned
14466,Neutral,3,Neutral,Not_mentioned,Not_mentioned,Not_mentioned,Not_mentioned,Neutral,0,0,0,0,0,0,0,0,0,0,Not_mentioned,Not_mentioned,Not_mentioned,Neutral,3,Neutral,Not_mentioned,Not_mentioned,Not_mentioned,Not_mentioned,Neutral,0,0,0,0,0,0,0,0,0,0,Not_mentioned,Not_mentioned,Not_mentioned
8424,Negative,2,Neutral,Negative,Negative,Not_mentioned,Not_mentioned,Not_mentioned,1,0,0,0,0,0,1,1,1,1,Not_mentioned,Not_mentioned,Not_mentioned,Negative,2,Fear,Negative,Negative,Negative,Not_mentioned,Negative,1,1,1,0,0,0,1,1,1,1,Expensive,Not_mentioned,Not_mentioned
1221,Negative,1,Fear,Negative,Not_mentioned,Not_mentioned,Not_mentioned,Negative,1,0,0,0,0,0,0,1,1,0,Not_mentioned,Not_mentioned,Not_mentioned,Negative,1,Fear,Negative,Not_mentioned,Negative,Not_mentioned,Negative,1,0,0,0,0,0,0,1,1,0,Not_mentioned,Not_mentioned,Not_mentioned
1831,Neutral,3,Neutral,Negative,Not_mentioned,Positive,Not_mentioned,Positive,0,1,0,0,0,0,0,0,1,1,Not_mentioned,Not_mentioned,Not_mentioned,Neutral,3,Other,Negative,Not_mentioned,Positive,Not_mentioned,Neutral,0,1,0,0,0,0,0,0,1,1,Not_mentioned,Not_mentioned,Not_mentioned
13700,Positive,4,Joy,Not_mentioned,Positive,Not_mentioned,Not_mentioned,Positive,0,0,0,0,0,0,0,0,0,1,Cheap,Yes,Not_mentioned,Positive,4,Joy,Not_mentioned,Positive,Not_mentioned,Not_mentioned,Positive,0,0,0,0,0,0,0,0,0,1,Cheap,Yes,Not_mentioned
13263,Positive,4,Joy,Not_mentioned,Not_mentioned,Not_mentioned,Not_mentioned,Positive,0,0,0,0,0,0,0,0,0,0,Not_mentioned,Not_mentioned,Not_mentioned,Positive,5,Joy,Not_mentioned,Not_mentioned,Not_mentioned,Not_mentioned,Positive,0,0,0,0,0,0,0,0,0,0,Not_mentioned,Not_mentioned,Not_mentioned
3977,Neutral,3,Neutral,Negative,Not_mentioned,Not_mentioned,Not_mentioned,Not_mentioned,0,0,0,0,0,0,1,0,1,0,Not_mentioned,Not_mentioned,Not_mentioned,Neutral,3,Neutral,Negative,Neutral,Not_mentioned,Not_mentioned,Neutral,0,0,0,0,0,0,0,0,1,0,Not_mentioned,Yes,Not_mentioned
184,Positive,4,Joy,Not_mentioned,Not_mentioned,Not_mentioned,Not_mentioned,Positive,0,0,0,0,0,0,0,0,0,1,Not_mentioned,Not_mentioned,Not_mentioned,Neutral,3,Sadness,Not_mentioned,Not_mentioned,Not_mentioned,Not_mentioned,Neutral,0,0,0,0,0,0,0,0,0,1,Not_mentioned,Not_mentioned,Not_mentioned
3323,Neutral,3,Neutral,Not_mentioned,Not_mentioned,Not_mentioned,Not_mentioned,Positive,0,0,0,0,0,0,0,0,0,0,Not_mentioned,Yes,Not_mentioned,Neutral,3,Neutral,Not_mentioned,Not_mentioned,Not_mentioned,Not_mentioned,Neutral,0,0,0,0,0,0,0,0,0,0,Not_mentioned,Yes,Not_mentioned
2340,Neutral,3,Neutral,Negative,Not_mentioned,Not_mentioned,Not_mentioned,Neutral,0,0,0,0,0,0,0,1,1,0,Not_mentioned,Not_mentioned,Yes,Neutral,3,Frustration,Negative,Not_mentioned,Negative,Not_mentioned,Neutral,1,0,0,0,0,0,0,1,1,0,Not_mentioned,Not_mentioned,Yes
12917,Positive,4,Neutral,Not_mentioned,Not_mentioned,Not_mentioned,Positive,Positive,0,0,0,0,0,0,0,0,0,0,Not_mentioned,Yes,Not_mentioned,Positive,4,Neutral,Not_mentioned,Neutral,Not_mentioned,Not_mentioned,Positive,0,0,0,0,0,0,0,0,0,0,Not_mentioned,Yes,Not_mentioned
5851,Positive,4,Joy,Not_mentioned,Positive,Not_mentioned,Not_mentioned,Positive,1,0,0,0,0,0,0,0,0,0,Fair,Not_mentioned,Not_mentioned,Positive,4,Joy,Negative,Positive,Negative,Not_mentioned,Positive,1,0,0,0,0,0,0,0,1,0,Fair,Not_mentioned,Not_mentioned
378,Negative,1,Disgust,Not_mentioned,Negative,Not_mentioned,Negative,Negative,1,0,0,1,0,1,1,1,0,1,Expensive,Not_mentioned,Not_mentioned,Negative,1,Disgust,Not_mentioned,Negative,Negative,Negative,Negative,1,0,0,1,0,0,1,1,0,1,Expensive,Not_mentioned,Not_mentioned
13637,Positive,4,Joy,Not_mentioned,Not_mentioned,Not_mentioned,Not_mentioned,Positive,0,0,0,0,1,0,0,0,0,0,Not_mentioned,Yes,Not_mentioned,Positive,5,Joy,Not_mentioned,Not_mentioned,Not_mentioned,Not_mentioned,Positive,0,0,0,0,1,0,0,0,0,0,Not_mentioned,Yes,Not_mentioned
12761,Positive,5,Joy,Not_mentioned,Not_mentioned,Not_mentioned,Not_mentioned,Positive,0,0,0,0,0,0,0,0,0,0,Not_mentioned,Yes,Not_mentioned,Positive,5,Joy,Not_mentioned,Not_mentioned,Not_mentioned,Not_mentioned,Positive,0,0,0,0,0,0,0,0,0,0,Not_mentioned,Yes,Not_mentioned
7509,Positive,4,Joy,Not_mentioned,Not_mentioned,Not_mentioned,Not_mentioned,Positive,0,0,0,0,0,0,0,0,0,0,Not_mentioned,Yes,Not_mentioned,Positive,4,Joy,Not_mentioned,Not_mentioned,Not_mentioned,Not_mentioned,Positive,0,0,0,0,0,0,0,0,0,0,Not_mentioned,Yes,Not_mentioned
2658,Negative,1,Anger,Not_mentioned,Negative,Negative,Not_mentioned,Negative,1,0,0,0,0,0,1,1,0,0,Expensive,No,Not_mentioned,Negative,1,Anger,Not_mentioned,Negative,Negative,Not_mentioned,Negative,1,0,0,0,0,0,1,1,0,0,Expensive,No,Not_mentioned
10627,Positive,4,Joy,Not_mentioned,Not_mentioned,Not_mentioned,Not_mentioned,Positive,0,0,0,0,0,0,0,0,0,1,Not_mentioned,Yes,Not_mentioned,Positive,4,Joy,Not_mentioned,Not_mentioned,Positive,Not_mentioned,Positive,0,0,0,0,0,0,0,0,0,1,Not_mentioned,Yes,Not_mentioned
14234,Positive,4,Joy,Not_mentioned,Not_mentioned,Not_mentioned,Not_mentioned,Positive,0,0,0,0,0,0,0,0,0,0,Not_mentioned,Yes,Not_mentioned,Positive,4,Joy,Not_mentioned,Not_mentioned,Not_mentioned,Not_mentioned,Positive,0,0,0,0,0,0,0,0,0,0,Not_mentioned,Yes,Not_mentioned
13492,Negative,2,Frustration,Not_mentioned,Not_mentioned,Not_mentioned,Not_mentioned,Negative,0,0,0,0,0,0,0,0,0,1,Not_mentioned,Not_mentioned,Not_mentioned,Negative,2,Frustration,Not_mentioned,Neutral,Not_mentioned,Not_mentioned,Neutral,0,0,0,0,0,0,0,0,0,1,Not_mentioned,Not_mentioned,Not_mentioned
10396,Neutral,3,Frustration,Not_mentioned,Not_mentioned,Negative,Not_mentioned,Positive,0,0,0,0,0,1,0,0,0,0,Not_mentioned,Not_mentioned,Not_mentioned,Neutral,3,Frustration,Not_mentioned,Neutral,Negative,Not_mentioned,Positive,0,0,0,0,0,1,0,0,0,0,Not_mentioned,Not_mentioned,Not_mentioned
9184,Negative,2,Frustration,Not_mentioned,Negative,Not_mentioned,Not_mentioned,Neutral,0,0,0,0,1,1,1,0,0,0,Expensive,No,Not_mentioned,Negative,2,Frustration,Not_mentioned,Negative,Not_mentioned,Not_mentioned,Neutral,0,0,0,0,0,0,1,0,0,1,Expensive,Not_mentioned,Not_mentioned
13322,Negative,2,Neutral,Not_mentioned,Neutral,Not_mentioned,Not_mentioned,Neutral,0,0,0,0,0,0,0,0,0,1,Not_mentioned,No,Not_mentioned,Negative,2,Frustration,Not_mentioned,Negative,Not_mentioned,Not_mentioned,Neutral,0,0,0,0,0,0,1,0,0,0,Expensive,No,Not_mentioned
6328,Negative,1,Anger,Not_mentioned,Not_mentioned,Not_mentioned,Negative,Negative,1,0,0,0,0,1,0,1,1,0,Not_mentioned,No,Not_mentioned,Negative,1,Anger,Negative,Not_mentioned,Negative,Negative,Negative,1,0,0,0,0,0,0,1,1,1,Not_mentioned,No,Not_mentioned
10339,Neutral,3,Frustration,Not_mentioned,Not_mentioned,Not_mentioned,Not_mentioned,Positive,0,0,0,0,1,0,0,0,0,0,Not_mentioned,Not_mentioned,Not_mentioned,Neutral,3,Frustration,Not_mentioned,Not_mentioned,Not_mentioned,Not_mentioned,Neutral,0,0,0,0,1,0,0,0,0,1,Not_mentioned,Not_mentioned,Not_mentioned
7717,Positive,4,Joy,Not_mentioned,Not_mentioned,Not_mentioned,Not_mentioned,Positive,0,0,0,0,0,0,0,0,1,0,Not_mentioned,Not_mentioned,Not_mentioned,Positive,4,Surprise,Negative,Not_mentioned,Not_mentioned,Not_mentioned,Positive,0,0,0,0,0,0,0,0,1,0,Not_mentioned,Not_mentioned,Not_mentioned
7289,Neutral,3,Frustration,Negative,Not_mentioned,Positive,Not_mentioned,Positive,0,0,0,0,0,0,0,1,1,0,Not_mentioned,Yes,Not_mentioned,Neutral,3,Frustration,Negative,Not_mentioned,Neutral,Not_mentioned,Neutral,1,0,0,0,0,0,0,1,1,0,Not_mentioned,Yes,Not_mentioned
3581,Neutral,3,Neutral,Not_mentioned,Not_mentioned,Not_mentioned,Not_mentioned,Not_mentioned,1,0,0,0,0,0,1,0,0,0,Not_mentioned,Not_mentioned,Not_mentioned,Neutral,3,Neutral,Not_mentioned,Neutral,Negative,Not_mentioned,Neutral,1,0,0,0,0,0,0,0,0,0,Not_mentioned,Not_mentioned,Not_mentioned
3483,Negative,2,Fear,Negative,Not_mentioned,Not_mentioned,Not_mentioned,Not_mentioned,0,0,0,0,0,0,0,0,1,0,Not_mentioned,Not_mentioned,Not_mentioned,Negative,1,Fear,Negative,Not_mentioned,Not_mentioned,Not_mentioned,Neutral,0,0,0,0,0,0,0,0,1,0,Not_mentioned,Not_mentioned,Not_mentioned
5354,Neutral,3,Neutral,Not_mentioned,Not_mentioned,Not_mentioned,Not_mentioned,Neutral,1,0,0,0,0,0,1,1,0,1,Not_mentioned,Yes,Not_mentioned,Neutral,3,Sadness,Not_mentioned,Neutral,Negative,Not_mentioned,Neutral,1,0,0,0,0,0,0,1,0,1,Not_mentioned,Yes,Not_mentioned
10851,Neutral,3,Neutral,Not_mentioned,Not_mentioned,Not_mentioned,Not_mentioned,Neutral,0,0,0,0,0,0,0,0,0,0,Not_mentioned,Not_mentioned,Not_mentioned,Negative,2,Frustration,Not_mentioned,Neutral,Not_mentioned,Not_mentioned,Negative,0,0,0,0,0,0,0,0,0,0,Not_mentioned,Not_mentioned,Not_mentioned
6287,Positive,4,Neutral,Negative,Not_mentioned,Not_mentioned,Not_mentioned,Positive,0,0,0,0,0,0,0,0,1,0,Not_mentioned,Not_mentioned,Not_mentioned,Positive,4,Other,Negative,Not_mentioned,Not_mentioned,Not_mentioned,Positive,0,0,0,0,0,0,0,0,1,0,Not_mentioned,Not_mentioned,Not_mentioned
5359,Positive,5,Joy,Not_mentioned,Not_mentioned,Positive,Not_mentioned,Positive,0,0,0,0,0,0,0,0,0,0,Not_mentioned,Yes,Not_mentioned,Positive,5,Joy,Not_mentioned,Not_mentioned,Positive,Not_mentioned,Positive,0,0,0,0,0,0,0,0,0,0,Not_mentioned,Yes,Not_mentioned
8929,Negative,1,Fear,Negative,Not_mentioned,Not_mentioned,Not_mentioned,Not_mentioned,1,0,0,0,0,0,0,1,1,0,Not_mentioned,Not_mentioned,Not_mentioned,Negative,1,Fear,Negative,Not_mentioned,Negative,Not_mentioned,Negative,1,0,0,0,0,0,0,1,1,0,Not_mentioned,Not_mentioned,Not_mentioned
668,Negative,2,Anger,Not_mentioned,Negative,Not_mentioned,Not_mentioned,Neutral,1,0,0,0,0,0,0,1,0,0,Not_mentioned,Not_mentioned,Not_mentioned,Negative,1,Frustration,Negative,Negative,Negative,Not_mentioned,Neutral,1,0,0,0,0,0,1,1,1,1,Expensive,Not_mentioned,Not_mentioned
10498,Negative,2,Frustration,Not_mentioned,Negative,Not_mentioned,Not_mentioned,Neutral,0,0,0,0,0,1,1,0,0,1,Expensive,Not_mentioned,Not_mentioned,Neutral,3,Other,Not_mentioned,Neutral,Positive,Not_mentioned,Neutral,0,0,0,0,0,0,0,0,0,1,Not_mentioned,Not_mentioned,Not_mentioned
11111,Neutral,3,Neutral,Not_mentioned,Not_mentioned,Not_mentioned,Not_mentioned,Positive,0,0,0,0,0,1,0,0,1,1,Not_mentioned,Not_mentioned,Not_mentioned,Neutral,3,Sadness,Negative,Not_mentioned,Not_mentioned,Not_mentioned,Neutral,0,0,0,0,0,1,0,0,1,1,Not_mentioned,Not_mentioned,Not_mentioned
2930,Negative,2,Fear,Negative,Not_mentioned,Not_mentioned,Not_mentioned,Negative,1,1,0,0,1,0,0,0,0,0,Not_mentioned,Not_mentioned,Not_mentioned,Negative,2,Fear,Negative,Not_mentioned,Negative,Not_mentioned,Negative,1,1,0,0,1,0,0,0,1,0,Not_mentioned,Not_mentioned,Not_mentioned
5067,Neutral,3,Neutral,Not_mentioned,Not_mentioned,Not_mentioned,Not_mentioned,Not_mentioned,0,0,0,0,1,0,0,0,0,0,Not_mentioned,Not_mentioned,Not_mentioned,Neutral,3,Neutral,Not_mentioned,Not_mentioned,Not_mentioned,Not_mentioned,Neutral,0,0,0,0,1,0,0,0,0,0,Not_mentioned,Not_mentioned,Not_mentioned
1663,Negative,1,Anger,Negative,Not_mentioned,Not_mentioned,Negative,Negative,0,0,0,1,0,0,0,0,1,0,Not_mentioned,No,No,Negative,1,Fear,Negative,Not_mentioned,Not_mentioned,Negative,Negative,0,0,0,1,0,0,0,0,1,1,Not_mentioned,No,No
7686,Positive,4,Neutral,Negative,Not_mentioned,Not_mentioned,Not_mentioned,Positive,1,0,0,0,1,0,0,0,1,0,Not_mentioned,Yes,Not_mentioned,Positive,4,Surprise,Negative,Not_mentioned,Negative,Not_mentioned,Positive,1,0,0,0,1,0,0,0,1,0,Not_mentioned,Not_mentioned,Not_mentioned
6751,Neutral,3,Neutral,Not_mentioned,Not_mentioned,Not_mentioned,Not_mentioned,Neutral,0,0,0,0,0,0,0,0,0,0,Not_mentioned,Yes,Not_mentioned,Neutral,3,Neutral,Not_mentioned,Not_mentioned,Not_mentioned,Not_mentioned,Neutral,0,0,0,0,0,0,0,0,0,0,Not_mentioned,Yes,Not_mentioned
10019,Positive,4,Joy,Not_mentioned,Not_mentioned,Not_mentioned,Not_mentioned,Positive,0,0,0,0,0,0,0,0,0,1,Not_mentioned,Not_mentioned,Not_mentioned,Positive,4,Joy,Not_mentioned,Not_mentioned,Not_mentioned,Not_mentioned,Positive,0,0,0,0,0,0,0,0,0,1,Not_mentioned,Not_mentioned,Not_mentioned
6436,Positive,5,Joy,Not_mentioned,Not_mentioned,Not_mentioned,Not_mentioned,Positive,0,0,0,0,0,0,0,0,0,0,Not_mentioned,Yes,Not_mentioned,Positive,5,Joy,Not_mentioned,Not_mentioned,Not_mentioned,Not_mentioned,Positive,0,0,0,0,0,0,0,0,0,0,Not_mentioned,Yes,Not_mentioned
7546,Positive,4,Joy,Not_mentioned,Not_mentioned,Not_mentioned,Not_mentioned,Positive,0,0,0,0,0,0,0,0,0,0,Not_mentioned,Not_mentioned,Not_mentioned,Positive,5,Joy,Not_mentioned,Neutral,Positive,Not_mentioned,Positive,0,0,0,0,0,0,0,0,0,0,Not_mentioned,Yes,Not_mentioned
4568,Neutral,3,Sadness,Not_mentioned,Not_mentioned,Not_mentioned,Not_mentioned,Positive,0,0,0,0,0,0,0,0,0,1,Not_mentioned,Not_mentioned,Not_mentioned,Negative,2,Sadness,Not_mentioned,Not_mentioned,Not_mentioned,Not_mentioned,Neutral,0,0,0,0,0,0,0,0,0,1,Not_mentioned,Not_mentioned,Not_mentioned
4403,Negative,2,Frustration,Not_mentioned,Not_mentioned,Not_mentioned,Not_mentioned,Negative,1,0,0,0,0,0,0,0,0,0,Not_mentioned,Not_mentioned,Not_mentioned,Negative,2,Frustration,Not_mentioned,Not_mentioned,Negative,Not_mentioned,Negative,1,0,0,0,0,0,0,0,0,0,Not_mentioned,Not_mentioned,Not_mentioned
10850,Negative,2,Frustration,Not_mentioned,Negative,Negative,Not_mentioned,Not_mentioned,0,0,0,0,0,1,1,0,0,1,Expensive,No,Not_mentioned,Negative,1,Frustration,Not_mentioned,Negative,Not_mentioned,Not_mentioned,Negative,0,0,0,0,0,1,1,0,0,1,Expensive,No,Not_mentioned
5345,Positive,4,Joy,Not_mentioned,Not_mentioned,Not_mentioned,Not_mentioned,Positive,0,0,0,0,0,0,0,0,0,0,Not_mentioned,Yes,Not_mentioned,Positive,5,Joy,Not_mentioned,Not_mentioned,Not_mentioned,Not_mentioned,Positive,0,0,0,0,0,0,0,0,0,0,Not_mentioned,Yes,Not_mentioned
6123,Neutral,3,Neutral,Not_mentioned,Not_mentioned,Not_mentioned,Not_mentioned,Neutral,0,0,0,0,0,0,0,0,0,0,Not_mentioned,Not_mentioned,Not_mentioned,Negative,2,Neutral,Not_mentioned,Not_mentioned,Not_mentioned,Not_mentioned,Negative,0,0,0,0,0,0,0,0,0,0,Not_mentioned,Not_mentioned,Not_mentioned
3555,Positive,5,Joy,Not_mentioned,Not_mentioned,Not_mentioned,Not_mentioned,Positive,0,0,0,0,0,0,0,0,0,0,Not_mentioned,Not_mentioned,Not_mentioned,Positive,5,Joy,Not_mentioned,Not_mentioned,Not_mentioned,Not_mentioned,Positive,0,0,0,0,0,0,0,0,0,0,Not_mentioned,Not_mentioned,Not_mentioned
2113,Positive,4,Joy,Not_mentioned,Not_mentioned,Not_mentioned,Not_mentioned,Positive,0,0,0,0,0,0,0,0,0,0,Not_mentioned,Yes,Not_mentioned,Positive,4,Surprise,Not_mentioned,Not_mentioned,Not_mentioned,Not_mentioned,Neutral,0,0,0,0,0,0,0,0,0,1,Not_mentioned,Yes,Not_mentioned
5087,Neutral,3,Neutral,Not_mentioned,Not_mentioned,Not_mentioned,Not_mentioned,Neutral,0,0,0,0,0,0,0,0,0,0,Not_mentioned,Not_mentioned,Not_mentioned,Positive,4,Neutral,Not_mentioned,Not_mentioned,Not_mentioned,Not_mentioned,Positive,0,0,0,0,0,0,0,0,0,0,Not_mentioned,Not_mentioned,Not_mentioned
8127,Neutral,3,Neutral,Negative,Not_mentioned,Not_mentioned,Negative,Negative,0,0,0,1,0,1,0,0,1,1,Not_mentioned,Yes,No,Neutral,3,Disgust,Negative,Not_mentioned,Negative,Negative,Negative,0,0,0,1,0,0,0,0,1,1,Not_mentioned,Yes,No
